exp_id,run,log,model,reward,power_k,ll_min,lr,kl,ec,fp,baseline,rm_mode,n_iters,first_step,last_step,n_tom,hm_step0,hm_last3,hm_last5,hm_best,d_hm,hm_late_std,avg_step0,avg_last3,d_avg,gsm8k_step0,gsm8k_last3,d_gsm8k,mmlu_step0,mmlu_last3,d_mmlu,eval_parseable,eval_correct,eval_correct_step0,kl_final,kl_max,resp_len_final,resp_len_min,reward_final
Phase-stability-Pm1swp_rmf_kl0.01_lr5e-7_fp0_ec0.0_lp,Phase-stability-Pm1swp_rmf_kl0.01_lr5e-7_fp0_ec0.0_lp-dcfg_smoke_mix,logs/20260711/Phase-stability-Pm1swp_rmf_kl0.01_lr5e-7_fp0_ec0.0_lp-dcfg_smoke_mix-Qwen2.5-3B-Instruct-frozenRM-nobaseline-log_prob-k2.0-llmin-8.0-lr5e-7-kl0.01-n16-r1.log,Qwen2.5,log_prob,2.0,8.0,5e-7,0.01,0.0,0.0,False,frozen,20,0,190,24,0.4167,0.2461,0.2714,0.458,-0.1706,0.029,0.5036,0.3503,-0.1533,0.663,0.351,-0.312,0.473,0.5177,0.0447,0.423,0.423,0.385,0.489,0.727,124.2,41.4,-4.752
Phase-stability-Pm1swp_rmf_kl0.01_lr5e-7_fp0_ec0.001_lp,Phase-stability-Pm1swp_rmf_kl0.01_lr5e-7_fp0_ec0.001_lp-dcfg_smoke_mix,logs/20260711/Phase-stability-Pm1swp_rmf_kl0.01_lr5e-7_fp0_ec0.001_lp-dcfg_smoke_mix-Qwen2.5-3B-Instruct-frozenRM-nobaseline-log_prob-k2.0-llmin-8.0-lr5e-7-kl0.01-n16-r1.log,Qwen2.5,log_prob,2.0,8.0,5e-7,0.01,0.001,0.0,False,frozen,20,0,190,24,0.417,0.1845,0.1869,0.4572,-0.2325,0.0117,0.5032,0.3059,-0.1973,0.663,0.3277,-0.3353,0.477,0.4757,-0.0013,0.244,0.244,0.346,0.445,0.767,140.0,42.7,-4.557
Phase-stability-Pm1swp_rmf_kl0.01_lr5e-7_fp5_ec0.0_lp,Phase-stability-Pm1swp_rmf_kl0.01_lr5e-7_fp5_ec0.0_lp-dcfg_smoke_mix,logs/20260711/Phase-stability-Pm1swp_rmf_kl0.01_lr5e-7_fp5_ec0.0_lp-dcfg_smoke_mix-Qwen2.5-3B-Instruct-frozenRM-nobaseline-log_prob-k2.0-llmin-8.0-lr5e-7-kl0.01-n16-r1.log,Qwen2.5,log_prob,2.0,8.0,5e-7,0.01,0.0,5.0,False,frozen,20,0,190,24,0.4134,0.3331,0.3262,0.4663,-0.0803,0.0315,0.5033,0.4031,-0.1002,0.657,0.512,-0.145,0.477,0.5443,0.0673,0.41,0.41,0.462,0.58,0.732,119.8,43.5,-2.169
Phase-stability-Pm1swp_rmf_kl0.01_lr5e-7_fp5_ec0.001_lp,Phase-stability-Pm1swp_rmf_kl0.01_lr5e-7_fp5_ec0.001_lp-dcfg_smoke_mix,logs/20260711/Phase-stability-Pm1swp_rmf_kl0.01_lr5e-7_fp5_ec0.001_lp-dcfg_smoke_mix-Qwen2.5-3B-Instruct-frozenRM-nobaseline-log_prob-k2.0-llmin-8.0-lr5e-7-kl0.01-n16-r1.log,Qwen2.5,log_prob,2.0,8.0,5e-7,0.01,0.001,5.0,False,frozen,20,0,190,24,0.416,0.3433,0.3283,0.4645,-0.0727,0.0242,0.5027,0.4182,-0.0844,0.657,0.4353,-0.2217,0.47,0.5543,0.0843,0.449,0.449,0.423,0.475,0.786,145.7,40.6,-4.653
Phase-stability-Pm1swp_rmf_kl0.01_lr1e-6_fp0_ec0.0_lp,Phase-stability-Pm1swp_rmf_kl0.01_lr1e-6_fp0_ec0.0_lp-dcfg_smoke_mix,logs/20260711/Phase-stability-Pm1swp_rmf_kl0.01_lr1e-6_fp0_ec0.0_lp-dcfg_smoke_mix-Qwen2.5-3B-Instruct-frozenRM-nobaseline-log_prob-k2.0-llmin-8.0-lr1e-6-kl0.01-n16-r1.log,Qwen2.5,log_prob,2.0,8.0,1e-6,0.01,0.0,0.0,False,frozen,20,0,190,24,0.4155,0.213,0.2005,0.4558,-0.2025,0.0303,0.5021,0.3235,-0.1787,0.66,0.1447,-0.5153,0.47,0.519,0.049,0.423,0.423,0.654,0.627,0.895,133.9,40.5,-1.961
Phase-stability-Pm1swp_rmf_kl0.01_lr1e-6_fp0_ec0.001_lp,Phase-stability-Pm1swp_rmf_kl0.01_lr1e-6_fp0_ec0.001_lp-dcfg_smoke_mix,logs/20260711/Phase-stability-Pm1swp_rmf_kl0.01_lr1e-6_fp0_ec0.001_lp-dcfg_smoke_mix-Qwen2.5-3B-Instruct-frozenRM-nobaseline-log_prob-k2.0-llmin-8.0-lr1e-6-kl0.01-n16-r1.log,Qwen2.5,log_prob,2.0,8.0,1e-6,0.01,0.001,0.0,False,frozen,20,0,190,24,0.4142,0.1185,0.0792,0.4535,-0.2957,0.0585,0.5033,0.2707,-0.2327,0.657,0.081,-0.576,0.467,0.511,0.044,0.256,0.256,0.5,0.712,0.952,140.9,40.7,-2.101
Phase-stability-Pm1swp_rmf_kl0.01_lr1e-6_fp5_ec0.0_lp,Phase-stability-Pm1swp_rmf_kl0.01_lr1e-6_fp5_ec0.0_lp-dcfg_smoke_mix,logs/20260711/Phase-stability-Pm1swp_rmf_kl0.01_lr1e-6_fp5_ec0.0_lp-dcfg_smoke_mix-Qwen2.5-3B-Instruct-frozenRM-nobaseline-log_prob-k2.0-llmin-8.0-lr1e-6-kl0.01-n16-r2.log,Qwen2.5,log_prob,2.0,8.0,1e-6,0.01,0.0,5.0,False,frozen,20,0,190,24,0.4183,0.1658,0.1922,0.4592,-0.2526,0.0353,0.5037,0.2332,-0.2705,0.66,0.1457,-0.5143,0.473,0.382,-0.091,0.192,0.192,0.538,0.514,0.823,187.4,32.9,-2.289
Phase-stability-Pm1swp_rmf_kl0.01_lr1e-6_fp5_ec0.001_lp,Phase-stability-Pm1swp_rmf_kl0.01_lr1e-6_fp5_ec0.001_lp-dcfg_smoke_mix,logs/20260711/Phase-stability-Pm1swp_rmf_kl0.01_lr1e-6_fp5_ec0.001_lp-dcfg_smoke_mix-Qwen2.5-3B-Instruct-frozenRM-nobaseline-log_prob-k2.0-llmin-8.0-lr1e-6-kl0.01-n16-r1.log,Qwen2.5,log_prob,2.0,8.0,1e-6,0.01,0.001,5.0,False,frozen,20,0,190,24,0.4186,0.3237,0.2905,0.4679,-0.0949,0.051,0.5028,0.4133,-0.0895,0.66,0.0643,-0.5957,0.467,0.578,0.111,0.372,0.372,0.423,0.526,0.884,118.0,40.9,-12.447
Phase-stability-Pm1swp_rmf_kl0.05_lr5e-7_fp0_ec0.0_lp,Phase-stability-Pm1swp_rmf_kl0.05_lr5e-7_fp0_ec0.0_lp-dcfg_smoke_mix,logs/20260711/Phase-stability-Pm1swp_rmf_kl0.05_lr5e-7_fp0_ec0.0_lp-dcfg_smoke_mix-Qwen2.5-3B-Instruct-frozenRM-nobaseline-log_prob-k2.0-llmin-8.0-lr5e-7-kl0.05-n16-r1.log,Qwen2.5,log_prob,2.0,8.0,5e-7,0.05,0.0,0.0,False,frozen,20,0,190,24,0.4172,0.4275,0.4257,0.455,0.0103,0.0035,0.503,0.491,-0.012,0.66,0.4443,-0.2157,0.47,0.5963,0.1263,0.564,0.564,0.462,0.262,0.371,118.6,44.2,-4.757
Phase-stability-Pm1swp_rmf_kl0.05_lr5e-7_fp0_ec0.001_lp,Phase-stability-Pm1swp_rmf_kl0.05_lr5e-7_fp0_ec0.001_lp-dcfg_smoke_mix,logs/20260711/Phase-stability-Pm1swp_rmf_kl0.05_lr5e-7_fp0_ec0.001_lp-dcfg_smoke_mix-Qwen2.5-3B-Instruct-frozenRM-nobaseline-log_prob-k2.0-llmin-8.0-lr5e-7-kl0.05-n16-r1.log,Qwen2.5,log_prob,2.0,8.0,5e-7,0.05,0.001,0.0,False,frozen,20,0,190,24,0.4154,0.426,0.4261,0.4604,0.0106,0.0018,0.5018,0.489,-0.0128,0.657,0.4453,-0.2117,0.477,0.6243,0.1473,0.551,0.551,0.654,0.362,0.413,120.0,42.1,-4.481
Phase-stability-Pm1swp_rmf_kl0.05_lr5e-7_fp5_ec0.0_lp,Phase-stability-Pm1swp_rmf_kl0.05_lr5e-7_fp5_ec0.0_lp-dcfg_smoke_mix,logs/20260711/Phase-stability-Pm1swp_rmf_kl0.05_lr5e-7_fp5_ec0.0_lp-dcfg_smoke_mix-Qwen2.5-3B-Instruct-frozenRM-nobaseline-log_prob-k2.0-llmin-8.0-lr5e-7-kl0.05-n16-r1.log,Qwen2.5,log_prob,2.0,8.0,5e-7,0.05,0.0,5.0,False,frozen,20,0,190,24,0.4154,0.4317,0.4337,0.4729,0.0163,0.0037,0.5026,0.4956,-0.007,0.663,0.5633,-0.0997,0.467,0.6253,0.1583,0.474,0.474,0.5,0.337,0.407,122.4,40.8,-2.389
Phase-stability-Pm1swp_rmf_kl0.05_lr5e-7_fp5_ec0.001_lp,Phase-stability-Pm1swp_rmf_kl0.05_lr5e-7_fp5_ec0.001_lp-dcfg_smoke_mix,logs/20260711/Phase-stability-Pm1swp_rmf_kl0.05_lr5e-7_fp5_ec0.001_lp-dcfg_smoke_mix-Qwen2.5-3B-Instruct-frozenRM-nobaseline-log_prob-k2.0-llmin-8.0-lr5e-7-kl0.05-n16-r1.log,Qwen2.5,log_prob,2.0,8.0,5e-7,0.05,0.001,5.0,False,frozen,20,0,190,24,0.4183,0.4241,0.4247,0.4639,0.0058,0.0026,0.5032,0.485,-0.0182,0.663,0.5333,-0.1297,0.46,0.6157,0.1557,0.513,0.513,0.423,0.315,0.436,126.6,40.2,-2.648
Phase-stability-Pm1swp_rmf_kl0.05_lr1e-6_fp0_ec0.0_lp,Phase-stability-Pm1swp_rmf_kl0.05_lr1e-6_fp0_ec0.0_lp-dcfg_smoke_mix,logs/20260711/Phase-stability-Pm1swp_rmf_kl0.05_lr1e-6_fp0_ec0.0_lp-dcfg_smoke_mix-Qwen2.5-3B-Instruct-frozenRM-nobaseline-log_prob-k2.0-llmin-8.0-lr1e-6-kl0.05-n16-r1.log,Qwen2.5,log_prob,2.0,8.0,1e-6,0.05,0.0,0.0,False,frozen,20,0,190,24,0.4179,0.4331,0.4356,0.4569,0.0152,0.0036,0.5038,0.4949,-0.0089,0.663,0.461,-0.202,0.467,0.572,0.105,0.538,0.538,0.5,0.315,0.413,125.5,45.9,-4.637
Phase-stability-Pm1swp_rmf_kl0.05_lr1e-6_fp0_ec0.001_lp,Phase-stability-Pm1swp_rmf_kl0.05_lr1e-6_fp0_ec0.001_lp-dcfg_smoke_mix,logs/20260711/Phase-stability-Pm1swp_rmf_kl0.05_lr1e-6_fp0_ec0.001_lp-dcfg_smoke_mix-Qwen2.5-3B-Instruct-frozenRM-nobaseline-log_prob-k2.0-llmin-8.0-lr1e-6-kl0.05-n16-r1.log,Qwen2.5,log_prob,2.0,8.0,1e-6,0.05,0.001,0.0,False,frozen,20,0,190,24,0.4167,0.4245,0.4284,0.4606,0.0078,0.0083,0.5027,0.4857,-0.0169,0.657,0.4523,-0.2047,0.477,0.5723,0.0953,0.59,0.59,0.577,0.327,0.506,112.0,39.9,-4.831
Phase-stability-Pm1swp_rmf_kl0.05_lr1e-6_fp5_ec0.0_lp,Phase-stability-Pm1swp_rmf_kl0.05_lr1e-6_fp5_ec0.0_lp-dcfg_smoke_mix,logs/20260711/Phase-stability-Pm1swp_rmf_kl0.05_lr1e-6_fp5_ec0.0_lp-dcfg_smoke_mix-Qwen2.5-3B-Instruct-frozenRM-nobaseline-log_prob-k2.0-llmin-8.0-lr1e-6-kl0.05-n16-r1.log,Qwen2.5,log_prob,2.0,8.0,1e-6,0.05,0.0,5.0,False,frozen,20,0,190,24,0.4195,0.4285,0.4318,0.4601,0.009,0.0046,0.502,0.4937,-0.0082,0.657,0.4757,-0.1813,0.467,0.6057,0.1387,0.513,0.513,0.538,0.346,0.438,110.2,35.6,-7.484
Phase-stability-Pm1swp_rmf_kl0.05_lr1e-6_fp5_ec0.001_lp,Phase-stability-Pm1swp_rmf_kl0.05_lr1e-6_fp5_ec0.001_lp-dcfg_smoke_mix,logs/20260711/Phase-stability-Pm1swp_rmf_kl0.05_lr1e-6_fp5_ec0.001_lp-dcfg_smoke_mix-Qwen2.5-3B-Instruct-frozenRM-nobaseline-log_prob-k2.0-llmin-8.0-lr1e-6-kl0.05-n16-r1.log,Qwen2.5,log_prob,2.0,8.0,1e-6,0.05,0.001,5.0,False,frozen,20,0,190,24,0.4173,0.4189,0.4224,0.4615,0.0016,0.0075,0.5031,0.4853,-0.0177,0.66,0.361,-0.299,0.47,0.597,0.127,0.474,0.474,0.385,0.313,0.452,128.3,43.4,-10.018
Phase-stability-Pm1swp_rma_kl0.01_lr5e-7_fp0_ec0.0_lp,Phase-stability-Pm1swp_rma_kl0.01_lr5e-7_fp0_ec0.0_lp-dcfg_smoke_mix,logs/20260711/Phase-stability-Pm1swp_rma_kl0.01_lr5e-7_fp0_ec0.0_lp-dcfg_smoke_mix-Qwen2.5-3B-Instruct-actorRM-nobaseline-log_prob-k2.0-llmin-8.0-lr5e-7-kl0.01-n16-r1.log,Qwen2.5,log_prob,2.0,8.0,5e-7,0.01,0.0,0.0,False,actor,20,0,190,24,0.4174,0.3966,0.4023,0.4596,-0.0209,0.011,0.5029,0.4651,-0.0379,0.663,0.3653,-0.2977,0.477,0.5843,0.1073,0.423,0.423,0.538,1.027,1.208,57.2,41.3,-6.906
Phase-stability-Pm1swp_rma_kl0.01_lr5e-7_fp0_ec0.001_lp,Phase-stability-Pm1swp_rma_kl0.01_lr5e-7_fp0_ec0.001_lp-dcfg_smoke_mix,logs/20260711/Phase-stability-Pm1swp_rma_kl0.01_lr5e-7_fp0_ec0.001_lp-dcfg_smoke_mix-Qwen2.5-3B-Instruct-actorRM-nobaseline-log_prob-k2.0-llmin-8.0-lr5e-7-kl0.01-n16-r1.log,Qwen2.5,log_prob,2.0,8.0,5e-7,0.01,0.001,0.0,False,actor,20,0,190,24,0.4166,0.242,0.2738,0.4668,-0.1747,0.0364,0.503,0.3728,-0.1302,0.653,0.2947,-0.3583,0.48,0.5743,0.0943,0.397,0.397,0.615,0.657,1.091,96.2,43.8,-4.708
Phase-stability-Pm1swp_rma_kl0.01_lr5e-7_fp5_ec0.0_lp,Phase-stability-Pm1swp_rma_kl0.01_lr5e-7_fp5_ec0.0_lp-dcfg_smoke_mix,logs/20260711/Phase-stability-Pm1swp_rma_kl0.01_lr5e-7_fp5_ec0.0_lp-dcfg_smoke_mix-Qwen2.5-3B-Instruct-actorRM-nobaseline-log_prob-k2.0-llmin-8.0-lr5e-7-kl0.01-n16-r1.log,Qwen2.5,log_prob,2.0,8.0,5e-7,0.01,0.0,5.0,False,actor,20,0,190,24,0.4186,0.4047,0.395,0.4635,-0.0139,0.0158,0.5037,0.4804,-0.0233,0.66,0.3723,-0.2877,0.47,0.5857,0.1157,0.462,0.462,0.538,0.575,1.157,107.5,41.7,-4.634
Phase-stability-Pm1swp_rma_kl0.01_lr5e-7_fp5_ec0.001_lp,Phase-stability-Pm1swp_rma_kl0.01_lr5e-7_fp5_ec0.001_lp-dcfg_smoke_mix,logs/20260711/Phase-stability-Pm1swp_rma_kl0.01_lr5e-7_fp5_ec0.001_lp-dcfg_smoke_mix-Qwen2.5-3B-Instruct-actorRM-nobaseline-log_prob-k2.0-llmin-8.0-lr5e-7-kl0.01-n16-r1.log,Qwen2.5,log_prob,2.0,8.0,5e-7,0.01,0.001,5.0,False,actor,20,0,190,24,0.4181,0.3288,0.3373,0.4664,-0.0893,0.0149,0.5029,0.411,-0.0919,0.667,0.4367,-0.2303,0.48,0.541,0.061,0.436,0.436,0.5,0.842,1.03,98.9,38.7,-7.417
Phase-stability-Pm1swp_rma_kl0.01_lr1e-6_fp0_ec0.0_lp,Phase-stability-Pm1swp_rma_kl0.01_lr1e-6_fp0_ec0.0_lp-dcfg_smoke_mix,logs/20260711/Phase-stability-Pm1swp_rma_kl0.01_lr1e-6_fp0_ec0.0_lp-dcfg_smoke_mix-Qwen2.5-3B-Instruct-actorRM-nobaseline-log_prob-k2.0-llmin-8.0-lr1e-6-kl0.01-n16-r1.log,Qwen2.5,log_prob,2.0,8.0,1e-6,0.01,0.0,0.0,False,actor,20,0,190,24,0.4173,0.3506,0.3423,0.4548,-0.0667,0.0122,0.5028,0.4545,-0.0483,0.66,0.0923,-0.5677,0.477,0.53,0.053,0.359,0.359,0.615,2.212,2.405,42.0,34.5,-1.97
Phase-stability-Pm1swp_rma_kl0.01_lr1e-6_fp0_ec0.001_lp,Phase-stability-Pm1swp_rma_kl0.01_lr1e-6_fp0_ec0.001_lp-dcfg_smoke_mix,logs/20260711/Phase-stability-Pm1swp_rma_kl0.01_lr1e-6_fp0_ec0.001_lp-dcfg_smoke_mix-Qwen2.5-3B-Instruct-actorRM-nobaseline-log_prob-k2.0-llmin-8.0-lr1e-6-kl0.01-n16-r1.log,Qwen2.5,log_prob,2.0,8.0,1e-6,0.01,0.001,0.0,False,actor,20,0,190,24,0.4203,0.4048,0.4068,0.4675,-0.0155,0.0049,0.5032,0.4767,-0.0265,0.657,0.1767,-0.4803,0.463,0.5257,0.0627,0.423,0.423,0.5,1.856,2.357,57.0,36.7,-5.311
Phase-stability-Pm1swp_rma_kl0.01_lr1e-6_fp5_ec0.0_lp,Phase-stability-Pm1swp_rma_kl0.01_lr1e-6_fp5_ec0.0_lp-dcfg_smoke_mix,logs/20260711/Phase-stability-Pm1swp_rma_kl0.01_lr1e-6_fp5_ec0.0_lp-dcfg_smoke_mix-Qwen2.5-3B-Instruct-actorRM-nobaseline-log_prob-k2.0-llmin-8.0-lr1e-6-kl0.01-n16-r1.log,Qwen2.5,log_prob,2.0,8.0,1e-6,0.01,0.0,5.0,False,actor,20,0,190,24,0.4166,0.2572,0.2385,0.4598,-0.1593,0.0423,0.5028,0.327,-0.1758,0.657,0.1957,-0.4613,0.473,0.5133,0.0403,0.321,0.321,0.462,0.611,0.856,118.3,34.2,-1.883
Phase-stability-Pm1swp_rma_kl0.01_lr1e-6_fp5_ec0.001_lp,Phase-stability-Pm1swp_rma_kl0.01_lr1e-6_fp5_ec0.001_lp-dcfg_smoke_mix,logs/20260711/Phase-stability-Pm1swp_rma_kl0.01_lr1e-6_fp5_ec0.001_lp-dcfg_smoke_mix-Qwen2.5-3B-Instruct-actorRM-nobaseline-log_prob-k2.0-llmin-8.0-lr1e-6-kl0.01-n16-r1.log,Qwen2.5,log_prob,2.0,8.0,1e-6,0.01,0.001,5.0,False,actor,20,0,190,24,0.4198,0.3689,0.3655,0.4628,-0.0509,0.0055,0.503,0.4545,-0.0485,0.65,0.423,-0.227,0.473,0.5437,0.0707,0.423,0.423,0.615,0.648,0.841,129.1,48.3,-7.169
Phase-stability-Pm1swp_rma_kl0.05_lr5e-7_fp0_ec0.0_lp,Phase-stability-Pm1swp_rma_kl0.05_lr5e-7_fp0_ec0.0_lp-dcfg_smoke_mix,logs/20260711/Phase-stability-Pm1swp_rma_kl0.05_lr5e-7_fp0_ec0.0_lp-dcfg_smoke_mix-Qwen2.5-3B-Instruct-actorRM-nobaseline-log_prob-k2.0-llmin-8.0-lr5e-7-kl0.05-n16-r1.log,Qwen2.5,log_prob,2.0,8.0,5e-7,0.05,0.0,0.0,False,actor,20,0,190,24,0.4201,0.4332,0.4359,0.4649,0.0131,0.0043,0.5042,0.4946,-0.0096,0.667,0.519,-0.148,0.463,0.5853,0.1223,0.41,0.41,0.423,0.341,0.933,111.7,34.6,-2.562
Phase-stability-Pm1swp_rma_kl0.05_lr5e-7_fp0_ec0.001_lp,Phase-stability-Pm1swp_rma_kl0.05_lr5e-7_fp0_ec0.001_lp-dcfg_smoke_mix,logs/20260711/Phase-stability-Pm1swp_rma_kl0.05_lr5e-7_fp0_ec0.001_lp-dcfg_smoke_mix-Qwen2.5-3B-Instruct-actorRM-nobaseline-log_prob-k2.0-llmin-8.0-lr5e-7-kl0.05-n16-r1.log,Qwen2.5,log_prob,2.0,8.0,5e-7,0.05,0.001,0.0,False,actor,20,0,190,24,0.4145,0.4413,0.4441,0.4583,0.0268,0.0062,0.5028,0.4983,-0.0044,0.657,0.5987,-0.0583,0.483,0.5777,0.0947,0.462,0.462,0.462,0.28,0.883,112.0,42.1,-7.274
Phase-stability-Pm1swp_rma_kl0.05_lr5e-7_fp5_ec0.0_lp,Phase-stability-Pm1swp_rma_kl0.05_lr5e-7_fp5_ec0.0_lp-dcfg_smoke_mix,logs/20260711/Phase-stability-Pm1swp_rma_kl0.05_lr5e-7_fp5_ec0.0_lp-dcfg_smoke_mix-Qwen2.5-3B-Instruct-actorRM-nobaseline-log_prob-k2.0-llmin-8.0-lr5e-7-kl0.05-n16-r2.log,Qwen2.5,log_prob,2.0,8.0,5e-7,0.05,0.0,5.0,False,actor,20,0,190,24,0.4148,0.4305,0.4321,0.4578,0.0158,0.0067,0.5031,0.4937,-0.0094,0.66,0.613,-0.047,0.487,0.6257,0.1387,0.449,0.449,0.462,0.234,0.364,120.8,47.1,-2.154
Phase-stability-Pm1swp_rma_kl0.05_lr1e-6_fp0_ec0.001_lp,Phase-stability-Pm1swp_rma_kl0.05_lr1e-6_fp0_ec0.001_lp-dcfg_smoke_mix,logs/20260711/Phase-stability-Pm1swp_rma_kl0.05_lr1e-6_fp0_ec0.001_lp-dcfg_smoke_mix-Qwen2.5-3B-Instruct-actorRM-nobaseline-log_prob-k2.0-llmin-8.0-lr1e-6-kl0.05-n16-r1.log,Qwen2.5,log_prob,2.0,8.0,1e-6,0.05,0.001,0.0,False,actor,20,0,190,24,0.418,0.4292,0.4233,0.4651,0.0113,0.0092,0.5041,0.4896,-0.0144,0.66,0.3577,-0.3023,0.463,0.6167,0.1537,0.513,0.513,0.423,0.273,0.397,121.4,48.0,-4.821
Phase-stability-Pm1swp_rma_kl0.05_lr1e-6_fp5_ec0.0_lp,Phase-stability-Pm1swp_rma_kl0.05_lr1e-6_fp5_ec0.0_lp-dcfg_smoke_mix,logs/20260711/Phase-stability-Pm1swp_rma_kl0.05_lr1e-6_fp5_ec0.0_lp-dcfg_smoke_mix-Qwen2.5-3B-Instruct-actorRM-nobaseline-log_prob-k2.0-llmin-8.0-lr1e-6-kl0.05-n16-r2.log,Qwen2.5,log_prob,2.0,8.0,1e-6,0.05,0.0,5.0,False,actor,20,0,190,24,0.4184,0.4212,0.4226,0.4573,0.0028,0.0031,0.5039,0.4888,-0.0151,0.66,0.47,-0.19,0.473,0.5967,0.1237,0.5,0.5,0.577,0.306,0.457,126.8,42.2,-4.622
Phase-stability-Pm1swp_rma_kl0.05_lr1e-6_fp5_ec0.001_lp,Phase-stability-Pm1swp_rma_kl0.05_lr1e-6_fp5_ec0.001_lp-dcfg_smoke_mix,logs/20260711/Phase-stability-Pm1swp_rma_kl0.05_lr1e-6_fp5_ec0.001_lp-dcfg_smoke_mix-Qwen2.5-3B-Instruct-actorRM-nobaseline-log_prob-k2.0-llmin-8.0-lr1e-6-kl0.05-n16-r1.log,Qwen2.5,log_prob,2.0,8.0,1e-6,0.05,0.001,5.0,False,actor,20,0,190,24,0.417,0.434,0.4252,0.4592,0.0171,0.0154,0.5032,0.4999,-0.0033,0.66,0.418,-0.242,0.473,0.6,0.127,0.41,0.41,0.615,0.283,0.418,108.0,41.2,-7.485
Phase-stability-Pm1swp_rmf_kl0.01_lr5e-7_fp0_ec0.0_pk3,Phase-stability-Pm1swp_rmf_kl0.01_lr5e-7_fp0_ec0.0_pk3-dcfg_smoke_mix,logs/20260711/Phase-stability-Pm1swp_rmf_kl0.01_lr5e-7_fp0_ec0.0_pk3-dcfg_smoke_mix-Qwen2.5-3B-Instruct-frozenRM-nobaseline-power-k3-llmin-6.0-lr5e-7-kl0.01-n16-r1.log,Qwen2.5,power,3.0,6.0,5e-7,0.01,0.0,0.0,False,frozen,20,0,190,24,0.4199,0.3908,0.3995,0.4599,-0.0291,0.0178,0.5027,0.4525,-0.0502,0.66,0.5243,-0.1357,0.46,0.5947,0.1347,0.474,0.474,0.615,0.432,0.579,139.5,41.7,30.774
Phase-stability-Pm1swp_rmf_kl0.01_lr5e-7_fp0_ec0.001_pk3,Phase-stability-Pm1swp_rmf_kl0.01_lr5e-7_fp0_ec0.001_pk3-dcfg_smoke_mix,logs/20260711/Phase-stability-Pm1swp_rmf_kl0.01_lr5e-7_fp0_ec0.001_pk3-dcfg_smoke_mix-Qwen2.5-3B-Instruct-frozenRM-nobaseline-power-k3-llmin-6.0-lr5e-7-kl0.01-n16-r1.log,Qwen2.5,power,3.0,6.0,5e-7,0.01,0.001,0.0,False,frozen,20,0,190,24,0.4211,0.3969,0.3921,0.4514,-0.0242,0.0112,0.5032,0.4484,-0.0549,0.657,0.5243,-0.1327,0.483,0.549,0.066,0.359,0.359,0.462,0.361,0.652,144.6,46.2,32.153
Phase-stability-Pm1swp_rmf_kl0.01_lr5e-7_fp5_ec0.0_pk3,Phase-stability-Pm1swp_rmf_kl0.01_lr5e-7_fp5_ec0.0_pk3-dcfg_smoke_mix,logs/20260711/Phase-stability-Pm1swp_rmf_kl0.01_lr5e-7_fp5_ec0.0_pk3-dcfg_smoke_mix-Qwen2.5-3B-Instruct-frozenRM-nobaseline-power-k3-llmin-6.0-lr5e-7-kl0.01-n16-r1.log,Qwen2.5,power,3.0,6.0,5e-7,0.01,0.0,5.0,False,frozen,20,0,190,24,0.4178,0.3719,0.372,0.4591,-0.0459,0.0093,0.5029,0.4371,-0.0658,0.65,0.4867,-0.1633,0.48,0.5653,0.0853,0.5,0.5,0.423,0.393,0.682,147.2,41.1,35.129
Phase-stability-Pm1swp_rmf_kl0.01_lr5e-7_fp5_ec0.001_pk3,Phase-stability-Pm1swp_rmf_kl0.01_lr5e-7_fp5_ec0.001_pk3-dcfg_smoke_mix,logs/20260711/Phase-stability-Pm1swp_rmf_kl0.01_lr5e-7_fp5_ec0.001_pk3-dcfg_smoke_mix-Qwen2.5-3B-Instruct-frozenRM-nobaseline-power-k3-llmin-6.0-lr5e-7-kl0.01-n16-r1.log,Qwen2.5,power,3.0,6.0,5e-7,0.01,0.001,5.0,False,frozen,20,0,190,24,0.4195,0.3473,0.3699,0.4602,-0.0722,0.0268,0.5034,0.4204,-0.083,0.66,0.5313,-0.1287,0.473,0.5623,0.0893,0.423,0.423,0.577,0.367,0.592,146.1,46.2,23.917
Phase-stability-Pm1swp_rmf_kl0.01_lr1e-6_fp0_ec0.001_pk3,Phase-stability-Pm1swp_rmf_kl0.01_lr1e-6_fp0_ec0.001_pk3-dcfg_smoke_mix,logs/20260711/Phase-stability-Pm1swp_rmf_kl0.01_lr1e-6_fp0_ec0.001_pk3-dcfg_smoke_mix-Qwen2.5-3B-Instruct-frozenRM-nobaseline-power-k3-llmin-6.0-lr1e-6-kl0.01-n16-r1.log,Qwen2.5,power,3.0,6.0,1e-6,0.01,0.001,0.0,False,frozen,20,0,190,24,0.4177,0.1821,0.1699,0.4675,-0.2355,0.0394,0.5031,0.2954,-0.2077,0.657,0.3123,-0.3447,0.473,0.5357,0.0627,0.321,0.321,0.538,0.44,0.662,153.1,45.4,31.426
Phase-stability-Pm1swp_rmf_kl0.01_lr1e-6_fp5_ec0.0_pk3,Phase-stability-Pm1swp_rmf_kl0.01_lr1e-6_fp5_ec0.0_pk3-dcfg_smoke_mix,logs/20260711/Phase-stability-Pm1swp_rmf_kl0.01_lr1e-6_fp5_ec0.0_pk3-dcfg_smoke_mix-Qwen2.5-3B-Instruct-frozenRM-nobaseline-power-k3-llmin-6.0-lr1e-6-kl0.01-n16-r1.log,Qwen2.5,power,3.0,6.0,1e-6,0.01,0.0,5.0,False,frozen,20,0,190,24,0.4181,0.3142,0.3144,0.4616,-0.104,0.0277,0.5041,0.3823,-0.1219,0.653,0.319,-0.334,0.48,0.5533,0.0733,0.321,0.321,0.5,0.314,0.661,168.4,42.0,27.01
Phase-stability-Pm1swp_rmf_kl0.01_lr1e-6_fp5_ec0.001_pk3,Phase-stability-Pm1swp_rmf_kl0.01_lr1e-6_fp5_ec0.001_pk3-dcfg_smoke_mix,logs/20260711/Phase-stability-Pm1swp_rmf_kl0.01_lr1e-6_fp5_ec0.001_pk3-dcfg_smoke_mix-Qwen2.5-3B-Instruct-frozenRM-nobaseline-power-k3-llmin-6.0-lr1e-6-kl0.01-n16-r1.log,Qwen2.5,power,3.0,6.0,1e-6,0.01,0.001,5.0,False,frozen,19,0,180,24,0.4166,0.2517,0.2687,0.4562,-0.1649,0.054,0.5033,0.3082,-0.1951,0.66,0.2847,-0.3753,0.48,0.481,0.001,0.333,0.333,0.577,0.34,0.707,181.2,45.7,36.834
Phase-stability-Pm1swp_rmf_kl0.05_lr5e-7_fp0_ec0.0_pk3,Phase-stability-Pm1swp_rmf_kl0.05_lr5e-7_fp0_ec0.0_pk3-dcfg_smoke_mix,logs/20260711/Phase-stability-Pm1swp_rmf_kl0.05_lr5e-7_fp0_ec0.0_pk3-dcfg_smoke_mix-Qwen2.5-3B-Instruct-frozenRM-nobaseline-power-k3-llmin-6.0-lr5e-7-kl0.05-n16-r1.log,Qwen2.5,power,3.0,6.0,5e-7,0.05,0.0,0.0,False,frozen,20,0,190,24,0.4176,0.4437,0.4422,0.4634,0.0261,0.0032,0.5031,0.504,0.0009,0.657,0.459,-0.198,0.463,0.6023,0.1393,0.436,0.436,0.731,0.202,0.307,111.0,33.4,32.236
Phase-stability-Pm1swp_rmf_kl0.05_lr5e-7_fp0_ec0.001_pk3,Phase-stability-Pm1swp_rmf_kl0.05_lr5e-7_fp0_ec0.001_pk3-dcfg_smoke_mix,logs/20260711/Phase-stability-Pm1swp_rmf_kl0.05_lr5e-7_fp0_ec0.001_pk3-dcfg_smoke_mix-Qwen2.5-3B-Instruct-frozenRM-nobaseline-power-k3-llmin-6.0-lr5e-7-kl0.05-n16-r1.log,Qwen2.5,power,3.0,6.0,5e-7,0.05,0.001,0.0,False,frozen,20,0,190,24,0.4144,0.4518,0.4523,0.4623,0.0374,0.0028,0.5019,0.5059,0.004,0.66,0.432,-0.228,0.467,0.5733,0.1063,0.487,0.487,0.538,0.209,0.316,119.0,35.1,27.79
Phase-stability-Pm1swp_rmf_kl0.05_lr5e-7_fp5_ec0.0_pk3,Phase-stability-Pm1swp_rmf_kl0.05_lr5e-7_fp5_ec0.0_pk3-dcfg_smoke_mix,logs/20260711/Phase-stability-Pm1swp_rmf_kl0.05_lr5e-7_fp5_ec0.0_pk3-dcfg_smoke_mix-Qwen2.5-3B-Instruct-frozenRM-nobaseline-power-k3-llmin-6.0-lr5e-7-kl0.05-n16-r1.log,Qwen2.5,power,3.0,6.0,5e-7,0.05,0.0,5.0,False,frozen,20,0,190,24,0.4182,0.4484,0.4512,0.4598,0.0301,0.0047,0.5035,0.5095,0.006,0.657,0.4847,-0.1723,0.46,0.6143,0.1543,0.603,0.603,0.538,0.221,0.293,120.5,39.1,27.605
Phase-stability-Pm1swp_rmf_kl0.05_lr5e-7_fp5_ec0.001_pk3,Phase-stability-Pm1swp_rmf_kl0.05_lr5e-7_fp5_ec0.001_pk3-dcfg_smoke_mix,logs/20260711/Phase-stability-Pm1swp_rmf_kl0.05_lr5e-7_fp5_ec0.001_pk3-dcfg_smoke_mix-Qwen2.5-3B-Instruct-frozenRM-nobaseline-power-k3-llmin-6.0-lr5e-7-kl0.05-n16-r1.log,Qwen2.5,power,3.0,6.0,5e-7,0.05,0.001,5.0,False,frozen,20,0,190,24,0.417,0.4412,0.4386,0.4599,0.0242,0.0037,0.5023,0.5001,-0.0022,0.657,0.571,-0.086,0.473,0.622,0.149,0.462,0.462,0.423,0.189,0.334,105.2,38.3,27.022
Phase-stability-Pm1swp_rmf_kl0.05_lr1e-6_fp0_ec0.001_pk3,Phase-stability-Pm1swp_rmf_kl0.05_lr1e-6_fp0_ec0.001_pk3-dcfg_smoke_mix,logs/20260711/Phase-stability-Pm1swp_rmf_kl0.05_lr1e-6_fp0_ec0.001_pk3-dcfg_smoke_mix-Qwen2.5-3B-Instruct-frozenRM-nobaseline-power-k3-llmin-6.0-lr1e-6-kl0.05-n16-r1.log,Qwen2.5,power,3.0,6.0,1e-6,0.05,0.001,0.0,False,frozen,20,0,190,24,0.4168,0.4412,0.4418,0.4587,0.0244,0.0066,0.5026,0.5041,0.0015,0.657,0.26,-0.397,0.47,0.6037,0.1337,0.462,0.462,0.5,0.257,0.36,116.6,37.9,34.26
Phase-stability-Pm1swp_rmf_kl0.05_lr1e-6_fp5_ec0.0_pk3,Phase-stability-Pm1swp_rmf_kl0.05_lr1e-6_fp5_ec0.0_pk3-dcfg_smoke_mix,logs/20260711/Phase-stability-Pm1swp_rmf_kl0.05_lr1e-6_fp5_ec0.0_pk3-dcfg_smoke_mix-Qwen2.5-3B-Instruct-frozenRM-nobaseline-power-k3-llmin-6.0-lr1e-6-kl0.05-n16-r1.log,Qwen2.5,power,3.0,6.0,1e-6,0.05,0.0,5.0,False,frozen,20,0,190,24,0.4184,0.4467,0.4467,0.4604,0.0283,0.004,0.5028,0.5044,0.0016,0.653,0.5347,-0.1183,0.473,0.6137,0.1407,0.551,0.551,0.577,0.233,0.384,120.7,36.5,27.687
Phase-stability-Pm1swp_rmf_kl0.05_lr1e-6_fp5_ec0.001_pk3,Phase-stability-Pm1swp_rmf_kl0.05_lr1e-6_fp5_ec0.001_pk3-dcfg_smoke_mix,logs/20260712/Phase-stability-Pm1swp_rmf_kl0.05_lr1e-6_fp5_ec0.001_pk3-dcfg_smoke_mix-Qwen2.5-3B-Instruct-frozenRM-nobaseline-power-k3-llmin-6.0-lr1e-6-kl0.05-n16-r1.log,Qwen2.5,power,3.0,6.0,1e-6,0.05,0.001,5.0,False,frozen,20,0,190,24,0.4214,0.4466,0.4485,0.4642,0.0251,0.0032,0.5038,0.5049,0.0011,0.657,0.578,-0.079,0.457,0.6133,0.1563,0.577,0.577,0.5,0.197,0.301,122.0,51.3,33.193
Phase-stability-Pm1swp_rma_kl0.01_lr5e-7_fp0_ec0.0_pk3,Phase-stability-Pm1swp_rma_kl0.01_lr5e-7_fp0_ec0.0_pk3-dcfg_smoke_mix,logs/20260712/Phase-stability-Pm1swp_rma_kl0.01_lr5e-7_fp0_ec0.0_pk3-dcfg_smoke_mix-Qwen2.5-3B-Instruct-actorRM-nobaseline-power-k3-llmin-6.0-lr5e-7-kl0.01-n16-r1.log,Qwen2.5,power,3.0,6.0,5e-7,0.01,0.0,0.0,False,actor,20,0,190,24,0.4163,0.4285,0.4298,0.4632,0.0122,0.0064,0.5033,0.4872,-0.0161,0.657,0.6157,-0.0413,0.46,0.601,0.141,0.538,0.538,0.615,0.437,0.771,115.0,44.4,34.808
Phase-stability-Pm1swp_rma_kl0.01_lr5e-7_fp0_ec0.001_pk3,Phase-stability-Pm1swp_rma_kl0.01_lr5e-7_fp0_ec0.001_pk3-dcfg_smoke_mix,logs/20260712/Phase-stability-Pm1swp_rma_kl0.01_lr5e-7_fp0_ec0.001_pk3-dcfg_smoke_mix-Qwen2.5-3B-Instruct-actorRM-nobaseline-power-k3-llmin-6.0-lr5e-7-kl0.01-n16-r1.log,Qwen2.5,power,3.0,6.0,5e-7,0.01,0.001,0.0,False,actor,20,0,190,24,0.4184,0.4251,0.4252,0.457,0.0067,0.0055,0.5038,0.4808,-0.023,0.663,0.4967,-0.1663,0.467,0.591,0.124,0.487,0.487,0.538,0.535,0.573,111.2,38.6,31.065
Phase-stability-Pm1swp_rma_kl0.01_lr5e-7_fp5_ec0.001_pk3,Phase-stability-Pm1swp_rma_kl0.01_lr5e-7_fp5_ec0.001_pk3-dcfg_smoke_mix,logs/20260712/Phase-stability-Pm1swp_rma_kl0.01_lr5e-7_fp5_ec0.001_pk3-dcfg_smoke_mix-Qwen2.5-3B-Instruct-actorRM-nobaseline-power-k3-llmin-6.0-lr5e-7-kl0.01-n16-r1.log,Qwen2.5,power,3.0,6.0,5e-7,0.01,0.001,5.0,False,actor,20,0,190,24,0.4178,0.4292,0.4299,0.4715,0.0113,0.0076,0.5037,0.4908,-0.0129,0.66,0.4033,-0.2567,0.473,0.5667,0.0937,0.603,0.603,0.538,0.594,1.286,104.1,41.7,32.069
Phase-stability-Pm1swp_rma_kl0.01_lr1e-6_fp0_ec0.0_pk3,Phase-stability-Pm1swp_rma_kl0.01_lr1e-6_fp0_ec0.0_pk3-dcfg_smoke_mix,logs/20260712/Phase-stability-Pm1swp_rma_kl0.01_lr1e-6_fp0_ec0.0_pk3-dcfg_smoke_mix-Qwen2.5-3B-Instruct-actorRM-nobaseline-power-k3-llmin-6.0-lr1e-6-kl0.01-n16-r1.log,Qwen2.5,power,3.0,6.0,1e-6,0.01,0.0,0.0,False,actor,20,0,190,24,0.419,0.31,0.2181,0.4601,-0.109,0.1707,0.5042,0.3805,-0.1237,0.66,0.3067,-0.3533,0.47,0.402,-0.068,0.41,0.41,0.423,1.292,2.266,32.2,30.7,24.048
Phase-stability-Pm1swp_rma_kl0.01_lr1e-6_fp0_ec0.001_pk3,Phase-stability-Pm1swp_rma_kl0.01_lr1e-6_fp0_ec0.001_pk3-dcfg_smoke_mix,logs/20260712/Phase-stability-Pm1swp_rma_kl0.01_lr1e-6_fp0_ec0.001_pk3-dcfg_smoke_mix-Qwen2.5-3B-Instruct-actorRM-nobaseline-power-k3-llmin-6.0-lr1e-6-kl0.01-n16-r1.log,Qwen2.5,power,3.0,6.0,1e-6,0.01,0.001,0.0,False,actor,20,0,190,24,0.4168,0.3834,0.3796,0.4518,-0.0334,0.0239,0.5028,0.4543,-0.0485,0.657,0.361,-0.296,0.463,0.5823,0.1193,0.462,0.462,0.615,0.414,0.719,131.6,51.7,28.176
Phase-stability-Pm1swp_rma_kl0.01_lr1e-6_fp5_ec0.0_pk3,Phase-stability-Pm1swp_rma_kl0.01_lr1e-6_fp5_ec0.0_pk3-dcfg_smoke_mix,logs/20260712/Phase-stability-Pm1swp_rma_kl0.01_lr1e-6_fp5_ec0.0_pk3-dcfg_smoke_mix-Qwen2.5-3B-Instruct-actorRM-nobaseline-power-k3-llmin-6.0-lr1e-6-kl0.01-n16-r1.log,Qwen2.5,power,3.0,6.0,1e-6,0.01,0.0,5.0,False,actor,20,0,190,24,0.4149,0.4355,0.4364,0.4648,0.0206,0.0023,0.5024,0.4852,-0.0172,0.653,0.1343,-0.5187,0.467,0.61,0.143,0.449,0.449,0.538,1.053,2.099,50.7,30.3,22.711
Phase-stability-Pm1swp_rma_kl0.01_lr1e-6_fp5_ec0.001_pk3,Phase-stability-Pm1swp_rma_kl0.01_lr1e-6_fp5_ec0.001_pk3-dcfg_smoke_mix,logs/20260712/Phase-stability-Pm1swp_rma_kl0.01_lr1e-6_fp5_ec0.001_pk3-dcfg_smoke_mix-Qwen2.5-3B-Instruct-actorRM-nobaseline-power-k3-llmin-6.0-lr1e-6-kl0.01-n16-r1.log,Qwen2.5,power,3.0,6.0,1e-6,0.01,0.001,5.0,False,actor,20,0,190,24,0.42,0.4044,0.4034,0.4555,-0.0156,0.0022,0.5041,0.4778,-0.0263,0.65,0.1543,-0.4957,0.473,0.5577,0.0847,0.538,0.538,0.654,2.287,2.345,58.2,37.0,24.296
Phase-stability-Pm1swp_rma_kl0.05_lr5e-7_fp0_ec0.001_pk3,Phase-stability-Pm1swp_rma_kl0.05_lr5e-7_fp0_ec0.001_pk3-dcfg_smoke_mix,logs/20260712/Phase-stability-Pm1swp_rma_kl0.05_lr5e-7_fp0_ec0.001_pk3-dcfg_smoke_mix-Qwen2.5-3B-Instruct-actorRM-nobaseline-power-k3-llmin-6.0-lr5e-7-kl0.05-n16-r1.log,Qwen2.5,power,3.0,6.0,5e-7,0.05,0.001,0.0,False,actor,19,0,180,24,0.4174,0.4444,0.4425,0.4627,0.0269,0.0048,0.5031,0.5043,0.0012,0.663,0.582,-0.081,0.48,0.607,0.127,0.462,0.462,0.423,0.215,0.405,116.2,41.6,34.422
Phase-stability-Pm1swp_rma_kl0.05_lr5e-7_fp5_ec0.0_pk3,Phase-stability-Pm1swp_rma_kl0.05_lr5e-7_fp5_ec0.0_pk3-dcfg_smoke_mix,logs/20260712/Phase-stability-Pm1swp_rma_kl0.05_lr5e-7_fp5_ec0.0_pk3-dcfg_smoke_mix-Qwen2.5-3B-Instruct-actorRM-nobaseline-power-k3-llmin-6.0-lr5e-7-kl0.05-n16-r1.log,Qwen2.5,power,3.0,6.0,5e-7,0.05,0.0,5.0,False,actor,20,0,190,24,0.4161,0.4451,0.4472,0.4683,0.029,0.0031,0.5029,0.51,0.0071,0.66,0.5353,-0.1247,0.463,0.5933,0.1303,0.526,0.526,0.5,0.262,0.346,99.4,41.8,29.34
Phase-stability-Pm1swp_rma_kl0.05_lr5e-7_fp5_ec0.001_pk3,Phase-stability-Pm1swp_rma_kl0.05_lr5e-7_fp5_ec0.001_pk3-dcfg_smoke_mix,logs/20260712/Phase-stability-Pm1swp_rma_kl0.05_lr5e-7_fp5_ec0.001_pk3-dcfg_smoke_mix-Qwen2.5-3B-Instruct-actorRM-nobaseline-power-k3-llmin-6.0-lr5e-7-kl0.05-n16-r1.log,Qwen2.5,power,3.0,6.0,5e-7,0.05,0.001,5.0,False,actor,20,0,190,24,0.4166,0.4477,0.4501,0.4629,0.0311,0.0042,0.503,0.5082,0.0052,0.653,0.4933,-0.1597,0.47,0.6033,0.1333,0.551,0.551,0.462,0.262,0.326,89.7,42.2,29.171
Phase-stability-Pm1swp_rma_kl0.05_lr1e-6_fp0_ec0.0_pk3,Phase-stability-Pm1swp_rma_kl0.05_lr1e-6_fp0_ec0.0_pk3-dcfg_smoke_mix,logs/20260712/Phase-stability-Pm1swp_rma_kl0.05_lr1e-6_fp0_ec0.0_pk3-dcfg_smoke_mix-Qwen2.5-3B-Instruct-actorRM-nobaseline-power-k3-llmin-6.0-lr1e-6-kl0.05-n16-r1.log,Qwen2.5,power,3.0,6.0,1e-6,0.05,0.0,0.0,False,actor,20,0,190,24,0.4186,0.4559,0.4448,0.4601,0.0373,0.025,0.504,0.5172,0.0132,0.657,0.3247,-0.3323,0.477,0.6167,0.1397,0.526,0.526,0.346,0.372,0.396,79.9,35.4,32.25
Phase-stability-Pm1swp_rma_kl0.05_lr1e-6_fp0_ec0.001_pk3,Phase-stability-Pm1swp_rma_kl0.05_lr1e-6_fp0_ec0.001_pk3-dcfg_smoke_mix,logs/20260712/Phase-stability-Pm1swp_rma_kl0.05_lr1e-6_fp0_ec0.001_pk3-dcfg_smoke_mix-Qwen2.5-3B-Instruct-actorRM-nobaseline-power-k3-llmin-6.0-lr1e-6-kl0.05-n16-r1.log,Qwen2.5,power,3.0,6.0,1e-6,0.05,0.001,0.0,False,actor,20,0,190,24,0.4202,0.454,0.4484,0.4639,0.0338,0.0122,0.5034,0.5122,0.0088,0.66,0.4513,-0.2087,0.47,0.6033,0.1333,0.41,0.41,0.538,0.198,0.687,119.4,47.6,31.104
Phase-stability-Pm1swp_rma_kl0.05_lr1e-6_fp5_ec0.0_pk3,Phase-stability-Pm1swp_rma_kl0.05_lr1e-6_fp5_ec0.0_pk3-dcfg_smoke_mix,logs/20260712/Phase-stability-Pm1swp_rma_kl0.05_lr1e-6_fp5_ec0.0_pk3-dcfg_smoke_mix-Qwen2.5-3B-Instruct-actorRM-nobaseline-power-k3-llmin-6.0-lr1e-6-kl0.05-n16-r1.log,Qwen2.5,power,3.0,6.0,1e-6,0.05,0.0,5.0,False,actor,20,0,190,24,0.4151,0.4457,0.4495,0.4631,0.0307,0.0064,0.5031,0.5057,0.0025,0.667,0.4653,-0.2017,0.473,0.5967,0.1237,0.564,0.564,0.385,0.187,0.364,120.1,48.1,31.67
Phase-stability-Pm1swp_rma_kl0.05_lr1e-6_fp5_ec0.001_pk3,Phase-stability-Pm1swp_rma_kl0.05_lr1e-6_fp5_ec0.001_pk3-dcfg_smoke_mix,logs/20260712/Phase-stability-Pm1swp_rma_kl0.05_lr1e-6_fp5_ec0.001_pk3-dcfg_smoke_mix-Qwen2.5-3B-Instruct-actorRM-nobaseline-power-k3-llmin-6.0-lr1e-6-kl0.05-n16-r1.log,Qwen2.5,power,3.0,6.0,1e-6,0.05,0.001,5.0,False,actor,20,0,190,24,0.4185,0.4598,0.459,0.4683,0.0413,0.0047,0.5037,0.5158,0.0121,0.643,0.2547,-0.3883,0.457,0.602,0.145,0.462,0.462,0.538,1.133,1.74,43.3,34.6,30.871
Phase-stability-Pm1swp_rmf_kl0.01_lr5e-7_fp0_ec0.001_pk5,Phase-stability-Pm1swp_rmf_kl0.01_lr5e-7_fp0_ec0.001_pk5-dcfg_smoke_mix,logs/20260712/Phase-stability-Pm1swp_rmf_kl0.01_lr5e-7_fp0_ec0.001_pk5-dcfg_smoke_mix-Qwen2.5-3B-Instruct-frozenRM-nobaseline-power-k5-llmin-6.0-lr5e-7-kl0.01-n16-r1.log,Qwen2.5,power,5.0,6.0,5e-7,0.01,0.001,0.0,False,frozen,20,0,190,24,0.4152,0.4381,0.4395,0.4697,0.0229,0.003,0.5028,0.5018,-0.0009,0.653,0.6243,-0.0287,0.47,0.6057,0.1357,0.423,0.423,0.5,0.2,0.284,131.2,41.4,36.369
Phase-stability-Pm1swp_rmf_kl0.01_lr5e-7_fp5_ec0.0_pk5,Phase-stability-Pm1swp_rmf_kl0.01_lr5e-7_fp5_ec0.0_pk5-dcfg_smoke_mix,logs/20260712/Phase-stability-Pm1swp_rmf_kl0.01_lr5e-7_fp5_ec0.0_pk5-dcfg_smoke_mix-Qwen2.5-3B-Instruct-frozenRM-nobaseline-power-k5-llmin-6.0-lr5e-7-kl0.01-n16-r1.log,Qwen2.5,power,5.0,6.0,5e-7,0.01,0.0,5.0,False,frozen,19,0,180,24,0.4151,0.4495,0.4492,0.472,0.0344,0.0029,0.5028,0.5118,0.009,0.66,0.609,-0.051,0.463,0.6053,0.1423,0.474,0.474,0.462,0.196,0.242,118.8,37.0,38.938
Phase-stability-Pm1swp_rmf_kl0.01_lr5e-7_fp5_ec0.001_pk5,Phase-stability-Pm1swp_rmf_kl0.01_lr5e-7_fp5_ec0.001_pk5-dcfg_smoke_mix,logs/20260712/Phase-stability-Pm1swp_rmf_kl0.01_lr5e-7_fp5_ec0.001_pk5-dcfg_smoke_mix-Qwen2.5-3B-Instruct-frozenRM-nobaseline-power-k5-llmin-6.0-lr5e-7-kl0.01-n16-r1.log,Qwen2.5,power,5.0,6.0,5e-7,0.01,0.001,5.0,False,frozen,20,0,190,24,0.4167,0.4582,0.4624,0.4794,0.0415,0.006,0.5035,0.5164,0.013,0.663,0.5467,-0.1163,0.46,0.609,0.149,0.526,0.526,0.462,0.159,0.267,123.9,37.9,38.587
Phase-stability-Pm1swp_rmf_kl0.01_lr1e-6_fp0_ec0.0_pk5,Phase-stability-Pm1swp_rmf_kl0.01_lr1e-6_fp0_ec0.0_pk5-dcfg_smoke_mix,logs/20260712/Phase-stability-Pm1swp_rmf_kl0.01_lr1e-6_fp0_ec0.0_pk5-dcfg_smoke_mix-Qwen2.5-3B-Instruct-frozenRM-nobaseline-power-k5-llmin-6.0-lr1e-6-kl0.01-n16-r1.log,Qwen2.5,power,5.0,6.0,1e-6,0.01,0.0,0.0,False,frozen,20,0,190,24,0.4153,0.4393,0.4416,0.4583,0.0241,0.0062,0.5033,0.4944,-0.009,0.663,0.6057,-0.0573,0.47,0.6113,0.1413,0.615,0.615,0.385,0.192,0.262,122.1,43.9,33.934
Phase-stability-Pm1swp_rmf_kl0.01_lr1e-6_fp0_ec0.001_pk5,Phase-stability-Pm1swp_rmf_kl0.01_lr1e-6_fp0_ec0.001_pk5-dcfg_smoke_mix,logs/20260712/Phase-stability-Pm1swp_rmf_kl0.01_lr1e-6_fp0_ec0.001_pk5-dcfg_smoke_mix-Qwen2.5-3B-Instruct-frozenRM-nobaseline-power-k5-llmin-6.0-lr1e-6-kl0.01-n16-r1.log,Qwen2.5,power,5.0,6.0,1e-6,0.01,0.001,0.0,False,frozen,20,0,190,24,0.417,0.4453,0.4435,0.4676,0.0283,0.0064,0.5029,0.5053,0.0024,0.653,0.2743,-0.3787,0.473,0.589,0.116,0.603,0.603,0.577,0.249,0.337,131.3,40.0,37.954
Phase-stability-Pm1swp_rmf_kl0.01_lr1e-6_fp5_ec0.0_pk5,Phase-stability-Pm1swp_rmf_kl0.01_lr1e-6_fp5_ec0.0_pk5-dcfg_smoke_mix,logs/20260712/Phase-stability-Pm1swp_rmf_kl0.01_lr1e-6_fp5_ec0.0_pk5-dcfg_smoke_mix-Qwen2.5-3B-Instruct-frozenRM-nobaseline-power-k5-llmin-6.0-lr1e-6-kl0.01-n16-r1.log,Qwen2.5,power,5.0,6.0,1e-6,0.01,0.0,5.0,False,frozen,20,0,190,24,0.4142,0.438,0.4396,0.4684,0.0238,0.004,0.5027,0.4988,-0.0039,0.653,0.56,-0.093,0.463,0.6187,0.1557,0.359,0.359,0.5,0.179,0.287,128.5,39.4,38.36
Phase-stability-Pm1swp_rmf_kl0.01_lr1e-6_fp5_ec0.001_pk5,Phase-stability-Pm1swp_rmf_kl0.01_lr1e-6_fp5_ec0.001_pk5-dcfg_smoke_mix,logs/20260712/Phase-stability-Pm1swp_rmf_kl0.01_lr1e-6_fp5_ec0.001_pk5-dcfg_smoke_mix-Qwen2.5-3B-Instruct-frozenRM-nobaseline-power-k5-llmin-6.0-lr1e-6-kl0.01-n16-r1.log,Qwen2.5,power,5.0,6.0,1e-6,0.01,0.001,5.0,False,frozen,20,0,190,24,0.4177,0.4396,0.4387,0.4543,0.0219,0.0032,0.5033,0.5089,0.0056,0.653,0.579,-0.074,0.473,0.5947,0.1217,0.474,0.474,0.654,0.233,0.37,121.6,46.5,37.318
Phase-stability-Pm1swp_rmf_kl0.05_lr5e-7_fp0_ec0.001_pk5,Phase-stability-Pm1swp_rmf_kl0.05_lr5e-7_fp0_ec0.001_pk5-dcfg_smoke_mix,logs/20260712/Phase-stability-Pm1swp_rmf_kl0.05_lr5e-7_fp0_ec0.001_pk5-dcfg_smoke_mix-Qwen2.5-3B-Instruct-frozenRM-nobaseline-power-k5-llmin-6.0-lr5e-7-kl0.05-n16-r1.log,Qwen2.5,power,5.0,6.0,5e-7,0.05,0.001,0.0,False,frozen,20,0,190,24,0.4163,0.4618,0.4624,0.4676,0.0454,0.0014,0.5029,0.5202,0.0173,0.66,0.661,0.001,0.463,0.608,0.145,0.526,0.526,0.423,0.096,0.158,115.8,35.6,35.912
Phase-stability-Pm1swp_rmf_kl0.05_lr5e-7_fp5_ec0.0_pk5,Phase-stability-Pm1swp_rmf_kl0.05_lr5e-7_fp5_ec0.0_pk5-dcfg_smoke_mix,logs/20260712/Phase-stability-Pm1swp_rmf_kl0.05_lr5e-7_fp5_ec0.0_pk5-dcfg_smoke_mix-Qwen2.5-3B-Instruct-frozenRM-nobaseline-power-k5-llmin-6.0-lr5e-7-kl0.05-n16-r1.log,Qwen2.5,power,5.0,6.0,5e-7,0.05,0.0,5.0,False,frozen,20,0,190,24,0.4174,0.4649,0.4656,0.4735,0.0475,0.0031,0.5032,0.5228,0.0195,0.657,0.642,-0.015,0.467,0.6,0.133,0.449,0.449,0.538,0.108,0.131,106.3,33.8,36.205
Phase-stability-Pm1swp_rmf_kl0.05_lr5e-7_fp5_ec0.001_pk5,Phase-stability-Pm1swp_rmf_kl0.05_lr5e-7_fp5_ec0.001_pk5-dcfg_smoke_mix,logs/20260712/Phase-stability-Pm1swp_rmf_kl0.05_lr5e-7_fp5_ec0.001_pk5-dcfg_smoke_mix-Qwen2.5-3B-Instruct-frozenRM-nobaseline-power-k5-llmin-6.0-lr5e-7-kl0.05-n16-r1.log,Qwen2.5,power,5.0,6.0,5e-7,0.05,0.001,5.0,False,frozen,19,0,180,24,0.4208,0.4686,0.4685,0.4732,0.0478,0.0012,0.5037,0.5254,0.0217,0.653,0.6447,-0.0083,0.473,0.64,0.167,0.5,0.5,0.5,0.092,0.152,113.4,48.8,36.135
Phase-stability-Pm1swp_rmf_kl0.05_lr1e-6_fp0_ec0.0_pk5,Phase-stability-Pm1swp_rmf_kl0.05_lr1e-6_fp0_ec0.0_pk5-dcfg_smoke_mix,logs/20260712/Phase-stability-Pm1swp_rmf_kl0.05_lr1e-6_fp0_ec0.0_pk5-dcfg_smoke_mix-Qwen2.5-3B-Instruct-frozenRM-nobaseline-power-k5-llmin-6.0-lr1e-6-kl0.05-n16-r1.log,Qwen2.5,power,5.0,6.0,1e-6,0.05,0.0,0.0,False,frozen,20,0,190,24,0.4159,0.4624,0.4627,0.4771,0.0466,0.0014,0.5027,0.5246,0.0219,0.66,0.5567,-0.1033,0.47,0.629,0.159,0.551,0.551,0.577,0.148,0.161,106.6,42.0,38.852
Phase-stability-Pm1swp_rmf_kl0.05_lr1e-6_fp0_ec0.001_pk5,Phase-stability-Pm1swp_rmf_kl0.05_lr1e-6_fp0_ec0.001_pk5-dcfg_smoke_mix,logs/20260712/Phase-stability-Pm1swp_rmf_kl0.05_lr1e-6_fp0_ec0.001_pk5-dcfg_smoke_mix-Qwen2.5-3B-Instruct-frozenRM-nobaseline-power-k5-llmin-6.0-lr1e-6-kl0.05-n16-r1.log,Qwen2.5,power,5.0,6.0,1e-6,0.05,0.001,0.0,False,frozen,20,0,190,24,0.4187,0.4597,0.4633,0.4736,0.0409,0.0057,0.5033,0.5213,0.0179,0.657,0.5633,-0.0937,0.473,0.609,0.136,0.538,0.538,0.538,0.07,0.15,113.7,44.5,34.627
Phase-stability-Pm1swp_rmf_kl0.05_lr1e-6_fp5_ec0.0_pk5,Phase-stability-Pm1swp_rmf_kl0.05_lr1e-6_fp5_ec0.0_pk5-dcfg_smoke_mix,logs/20260712/Phase-stability-Pm1swp_rmf_kl0.05_lr1e-6_fp5_ec0.0_pk5-dcfg_smoke_mix-Qwen2.5-3B-Instruct-frozenRM-nobaseline-power-k5-llmin-6.0-lr1e-6-kl0.05-n16-r1.log,Qwen2.5,power,5.0,6.0,1e-6,0.05,0.0,5.0,False,frozen,20,0,190,24,0.4178,0.4679,0.4679,0.4832,0.0501,0.0049,0.5038,0.526,0.0222,0.66,0.561,-0.099,0.48,0.6167,0.1367,0.564,0.564,0.538,0.087,0.154,114.9,44.6,35.77
Phase-stability-Pm1swp_rma_kl0.01_lr5e-7_fp0_ec0.0_pk5,Phase-stability-Pm1swp_rma_kl0.01_lr5e-7_fp0_ec0.0_pk5-dcfg_smoke_mix,logs/20260712/Phase-stability-Pm1swp_rma_kl0.01_lr5e-7_fp0_ec0.0_pk5-dcfg_smoke_mix-Qwen2.5-3B-Instruct-actorRM-nobaseline-power-k5-llmin-6.0-lr5e-7-kl0.01-n16-r1.log,Qwen2.5,power,5.0,6.0,5e-7,0.01,0.0,0.0,False,actor,20,0,190,24,0.4187,0.4402,0.445,0.4659,0.0215,0.0082,0.5038,0.5048,0.001,0.653,0.648,-0.005,0.47,0.6023,0.1323,0.449,0.449,0.577,0.094,0.186,111.6,37.1,35.117
Phase-stability-Pm1swp_rma_kl0.01_lr5e-7_fp0_ec0.001_pk5,Phase-stability-Pm1swp_rma_kl0.01_lr5e-7_fp0_ec0.001_pk5-dcfg_smoke_mix,logs/20260712/Phase-stability-Pm1swp_rma_kl0.01_lr5e-7_fp0_ec0.001_pk5-dcfg_smoke_mix-Qwen2.5-3B-Instruct-actorRM-nobaseline-power-k5-llmin-6.0-lr5e-7-kl0.01-n16-r1.log,Qwen2.5,power,5.0,6.0,5e-7,0.01,0.001,0.0,False,actor,20,0,190,24,0.417,0.4551,0.4573,0.4631,0.0382,0.0026,0.5035,0.5114,0.0078,0.657,0.4987,-0.1583,0.463,0.6123,0.1493,0.474,0.474,0.462,0.258,0.279,116.1,38.8,39.778
Phase-stability-Pm1swp_rma_kl0.01_lr5e-7_fp5_ec0.0_pk5,Phase-stability-Pm1swp_rma_kl0.01_lr5e-7_fp5_ec0.0_pk5-dcfg_smoke_mix,logs/20260712/Phase-stability-Pm1swp_rma_kl0.01_lr5e-7_fp5_ec0.0_pk5-dcfg_smoke_mix-Qwen2.5-3B-Instruct-actorRM-nobaseline-power-k5-llmin-6.0-lr5e-7-kl0.01-n16-r1.log,Qwen2.5,power,5.0,6.0,5e-7,0.01,0.0,5.0,False,actor,20,0,190,24,0.418,0.4571,0.4564,0.4732,0.0391,0.0012,0.504,0.5155,0.0114,0.667,0.6333,-0.0337,0.45,0.5943,0.1443,0.564,0.564,0.346,0.084,0.178,116.0,40.5,33.925
Phase-stability-Pm1swp_rma_kl0.01_lr5e-7_fp5_ec0.001_pk5,Phase-stability-Pm1swp_rma_kl0.01_lr5e-7_fp5_ec0.001_pk5-dcfg_smoke_mix,logs/20260712/Phase-stability-Pm1swp_rma_kl0.01_lr5e-7_fp5_ec0.001_pk5-dcfg_smoke_mix-Qwen2.5-3B-Instruct-actorRM-nobaseline-power-k5-llmin-6.0-lr5e-7-kl0.01-n16-r1.log,Qwen2.5,power,5.0,6.0,5e-7,0.01,0.001,5.0,False,actor,20,0,190,24,0.4173,0.4627,0.4631,0.4706,0.0454,0.0052,0.5031,0.5177,0.0145,0.657,0.5443,-0.1127,0.473,0.5933,0.1203,0.474,0.474,0.462,0.128,0.214,115.2,39.3,39.696
Phase-stability-Pm1swp_rma_kl0.01_lr1e-6_fp0_ec0.0_pk5,Phase-stability-Pm1swp_rma_kl0.01_lr1e-6_fp0_ec0.0_pk5-dcfg_smoke_mix,logs/20260712/Phase-stability-Pm1swp_rma_kl0.01_lr1e-6_fp0_ec0.0_pk5-dcfg_smoke_mix-Qwen2.5-3B-Instruct-actorRM-nobaseline-power-k5-llmin-6.0-lr1e-6-kl0.01-n16-r1.log,Qwen2.5,power,5.0,6.0,1e-6,0.01,0.0,0.0,False,actor,19,0,180,24,0.42,0.4267,0.4298,0.4595,0.0067,0.0051,0.5043,0.4967,-0.0076,0.653,0.4423,-0.2107,0.46,0.5723,0.1123,0.397,0.397,0.5,0.127,0.227,108.2,56.9,34.97
Phase-stability-Pm1swp_rma_kl0.01_lr1e-6_fp0_ec0.001_pk5,Phase-stability-Pm1swp_rma_kl0.01_lr1e-6_fp0_ec0.001_pk5-dcfg_smoke_mix,logs/20260712/Phase-stability-Pm1swp_rma_kl0.01_lr1e-6_fp0_ec0.001_pk5-dcfg_smoke_mix-Qwen2.5-3B-Instruct-actorRM-nobaseline-power-k5-llmin-6.0-lr1e-6-kl0.01-n16-r1.log,Qwen2.5,power,5.0,6.0,1e-6,0.01,0.001,0.0,False,actor,20,0,190,24,0.4173,0.4512,0.4499,0.4641,0.034,0.0078,0.503,0.5035,0.0006,0.657,0.53,-0.127,0.477,0.5853,0.1083,0.5,0.5,0.423,0.193,0.356,122.9,34.1,36.593
Phase-stability-Pm1swp_rma_kl0.01_lr1e-6_fp5_ec0.001_pk5,Phase-stability-Pm1swp_rma_kl0.01_lr1e-6_fp5_ec0.001_pk5-dcfg_smoke_mix,logs/20260712/Phase-stability-Pm1swp_rma_kl0.01_lr1e-6_fp5_ec0.001_pk5-dcfg_smoke_mix-Qwen2.5-3B-Instruct-actorRM-nobaseline-power-k5-llmin-6.0-lr1e-6-kl0.01-n16-r1.log,Qwen2.5,power,5.0,6.0,1e-6,0.01,0.001,5.0,False,actor,20,0,190,24,0.4156,0.4633,0.4596,0.4655,0.0478,0.0062,0.5035,0.5196,0.0161,0.66,0.57,-0.09,0.477,0.6143,0.1373,0.487,0.487,0.731,0.16,0.234,117.2,40.5,39.679
Phase-stability-Pm1swp_rma_kl0.05_lr5e-7_fp0_ec0.0_pk5,Phase-stability-Pm1swp_rma_kl0.05_lr5e-7_fp0_ec0.0_pk5-dcfg_smoke_mix,logs/20260712/Phase-stability-Pm1swp_rma_kl0.05_lr5e-7_fp0_ec0.0_pk5-dcfg_smoke_mix-Qwen2.5-3B-Instruct-actorRM-nobaseline-power-k5-llmin-6.0-lr5e-7-kl0.05-n16-r1.log,Qwen2.5,power,5.0,6.0,5e-7,0.05,0.0,0.0,False,actor,20,0,190,24,0.4162,0.4629,0.4631,0.4751,0.0467,0.0021,0.5033,0.5222,0.0189,0.663,0.631,-0.032,0.477,0.6177,0.1407,0.5,0.5,0.462,0.095,0.171,111.7,38.5,32.988
Phase-stability-Pm1swp_rma_kl0.05_lr5e-7_fp0_ec0.001_pk5,Phase-stability-Pm1swp_rma_kl0.05_lr5e-7_fp0_ec0.001_pk5-dcfg_smoke_mix,logs/20260712/Phase-stability-Pm1swp_rma_kl0.05_lr5e-7_fp0_ec0.001_pk5-dcfg_smoke_mix-Qwen2.5-3B-Instruct-actorRM-nobaseline-power-k5-llmin-6.0-lr5e-7-kl0.05-n16-r1.log,Qwen2.5,power,5.0,6.0,5e-7,0.05,0.001,0.0,False,actor,20,0,190,24,0.4154,0.4637,0.4651,0.4743,0.0483,0.0025,0.5022,0.522,0.0197,0.657,0.6247,-0.0323,0.47,0.6143,0.1443,0.526,0.526,0.615,0.1,0.156,115.6,42.0,35.953
Phase-stability-Pm1swp_rma_kl0.05_lr5e-7_fp5_ec0.0_pk5,Phase-stability-Pm1swp_rma_kl0.05_lr5e-7_fp5_ec0.0_pk5-dcfg_smoke_mix,logs/20260712/Phase-stability-Pm1swp_rma_kl0.05_lr5e-7_fp5_ec0.0_pk5-dcfg_smoke_mix-Qwen2.5-3B-Instruct-actorRM-nobaseline-power-k5-llmin-6.0-lr5e-7-kl0.05-n16-r1.log,Qwen2.5,power,5.0,6.0,5e-7,0.05,0.0,5.0,False,actor,20,0,190,24,0.4158,0.4687,0.4676,0.4787,0.0529,0.0018,0.5037,0.5239,0.0202,0.66,0.651,-0.009,0.48,0.6413,0.1613,0.474,0.474,0.346,0.093,0.141,107.3,39.6,35.906
Phase-stability-Pm1swp_rma_kl0.05_lr5e-7_fp5_ec0.001_pk5,Phase-stability-Pm1swp_rma_kl0.05_lr5e-7_fp5_ec0.001_pk5-dcfg_smoke_mix,logs/20260712/Phase-stability-Pm1swp_rma_kl0.05_lr5e-7_fp5_ec0.001_pk5-dcfg_smoke_mix-Qwen2.5-3B-Instruct-actorRM-nobaseline-power-k5-llmin-6.0-lr5e-7-kl0.05-n16-r1.log,Qwen2.5,power,5.0,6.0,5e-7,0.05,0.001,5.0,False,actor,20,0,190,24,0.4159,0.465,0.4662,0.475,0.0491,0.0055,0.5027,0.5241,0.0214,0.667,0.658,-0.009,0.467,0.6123,0.1453,0.615,0.615,0.692,0.084,0.148,96.2,43.9,32.8
Phase-stability-Pm1swp_rma_kl0.05_lr1e-6_fp0_ec0.001_pk5,Phase-stability-Pm1swp_rma_kl0.05_lr1e-6_fp0_ec0.001_pk5-dcfg_smoke_mix,logs/20260712/Phase-stability-Pm1swp_rma_kl0.05_lr1e-6_fp0_ec0.001_pk5-dcfg_smoke_mix-Qwen2.5-3B-Instruct-actorRM-nobaseline-power-k5-llmin-6.0-lr1e-6-kl0.05-n16-r1.log,Qwen2.5,power,5.0,6.0,1e-6,0.05,0.001,0.0,False,actor,19,0,180,24,0.4158,0.4699,0.4716,0.4785,0.0541,0.006,0.5038,0.5273,0.0235,0.657,0.6137,-0.0433,0.463,0.611,0.148,0.474,0.474,0.577,0.063,0.16,107.2,43.4,33.753
Phase-stability-Pm1swp_rma_kl0.05_lr1e-6_fp5_ec0.0_pk5,Phase-stability-Pm1swp_rma_kl0.05_lr1e-6_fp5_ec0.0_pk5-dcfg_smoke_mix,logs/20260712/Phase-stability-Pm1swp_rma_kl0.05_lr1e-6_fp5_ec0.0_pk5-dcfg_smoke_mix-Qwen2.5-3B-Instruct-actorRM-nobaseline-power-k5-llmin-6.0-lr1e-6-kl0.05-n16-r1.log,Qwen2.5,power,5.0,6.0,1e-6,0.05,0.0,5.0,False,actor,20,0,190,24,0.415,0.467,0.4678,0.4807,0.052,0.0032,0.5034,0.5241,0.0207,0.66,0.6657,0.0057,0.47,0.6333,0.1633,0.551,0.551,0.615,0.098,0.2,111.3,46.3,37.3
Phase-stability-Pm1swp_rma_kl0.05_lr1e-6_fp5_ec0.001_pk5,Phase-stability-Pm1swp_rma_kl0.05_lr1e-6_fp5_ec0.001_pk5-dcfg_smoke_mix,logs/20260712/Phase-stability-Pm1swp_rma_kl0.05_lr1e-6_fp5_ec0.001_pk5-dcfg_smoke_mix-Qwen2.5-3B-Instruct-actorRM-nobaseline-power-k5-llmin-6.0-lr1e-6-kl0.05-n16-r1.log,Qwen2.5,power,5.0,6.0,1e-6,0.05,0.001,5.0,False,actor,20,0,190,24,0.4166,0.4693,0.4705,0.4758,0.0526,0.0033,0.5025,0.5239,0.0214,0.66,0.6277,-0.0323,0.477,0.6387,0.1617,0.526,0.526,0.615,0.089,0.164,114.7,40.6,35.807
Phase-stability-Pm1w2gemma2_rmf_kl0.05_lr1e-6_fp0_ec0.0_lp,Phase-stability-Pm1w2gemma2_rmf_kl0.05_lr1e-6_fp0_ec0.0_lp-dcfg_smoke_mix_gemma,logs/20260712/Phase-stability-Pm1w2gemma2_rmf_kl0.05_lr1e-6_fp0_ec0.0_lp-dcfg_smoke_mix_gemma-gemma-2-2b-it-frozenRM-nobaseline-log_prob-k2.0-llmin-8.0-lr1e-6-kl0.05-n16-r4.log,Gemma-2,log_prob,2.0,8.0,1e-6,0.05,0.0,0.0,False,frozen,11,0,50,24,0.093,0.0035,0.0043,0.3071,-0.0895,0.0005,0.3151,0.1458,-0.1693,0.277,0.391,0.114,0.39,0.139,-0.251,0.141,0.141,0.385,0.776,3.888,91.4,7.8,-7.559
Phase-stability-Pm1w2gemma2_rmf_kl0.05_lr1e-6_fp0_ec0.001_lp,Phase-stability-Pm1w2gemma2_rmf_kl0.05_lr1e-6_fp0_ec0.001_lp-dcfg_smoke_mix_gemma,logs/20260712/Phase-stability-Pm1w2gemma2_rmf_kl0.05_lr1e-6_fp0_ec0.001_lp-dcfg_smoke_mix_gemma-gemma-2-2b-it-frozenRM-nobaseline-log_prob-k2.0-llmin-8.0-lr1e-6-kl0.05-n16-r1.log,Gemma-2,log_prob,2.0,8.0,1e-6,0.05,0.001,0.0,False,frozen,20,0,190,24,0.093,0.0642,0.072,0.0955,-0.0288,0.023,0.3148,0.3461,0.0312,0.277,0.2957,0.0187,0.39,0.4033,0.0133,0.282,0.282,0.308,0.003,1.082,163.8,125.4,-80.0
Phase-stability-Pm1w2gemma2_rma_kl0.05_lr1e-6_fp0_ec0.0_lp,Phase-stability-Pm1w2gemma2_rma_kl0.05_lr1e-6_fp0_ec0.0_lp-dcfg_smoke_mix_gemma,logs/20260712/Phase-stability-Pm1w2gemma2_rma_kl0.05_lr1e-6_fp0_ec0.0_lp-dcfg_smoke_mix_gemma-gemma-2-2b-it-actorRM-nobaseline-log_prob-k2.0-llmin-8.0-lr1e-6-kl0.05-n16-r1.log,Gemma-2,log_prob,2.0,8.0,1e-6,0.05,0.0,0.0,False,actor,39,0,190,24,0.093,0.0666,0.0687,0.093,-0.0264,0.0084,0.315,0.325,0.0101,0.277,0.2923,0.0153,0.383,0.4063,0.0233,0.333,0.333,0.231,0.002,2.739,171.4,128.8,-80.0
Phase-stability-Pm1w2gemma2_rma_kl0.05_lr1e-6_fp5_ec0.001_lp,Phase-stability-Pm1w2gemma2_rma_kl0.05_lr1e-6_fp5_ec0.001_lp-dcfg_smoke_mix_gemma,logs/20260712/Phase-stability-Pm1w2gemma2_rma_kl0.05_lr1e-6_fp5_ec0.001_lp-dcfg_smoke_mix_gemma-gemma-2-2b-it-actorRM-nobaseline-log_prob-k2.0-llmin-8.0-lr1e-6-kl0.05-n16-r1.log,Gemma-2,log_prob,2.0,8.0,1e-6,0.05,0.001,5.0,False,actor,39,0,190,24,0.0929,0.0903,0.0805,0.0929,-0.0026,0.0184,0.3145,0.3463,0.0317,0.277,0.3,0.023,0.383,0.4003,0.0173,0.436,0.436,0.308,0.002,3.629,172.3,122.9,-85.0
Phase-stability-Pm1w2gemma2_rmf_kl0.05_lr5e-7_fp0_ec0.0_pk5_llm6,Phase-stability-Pm1w2gemma2_rmf_kl0.05_lr5e-7_fp0_ec0.0_pk5_llm6-dcfg_smoke_mix_gemma,logs/20260712/Phase-stability-Pm1w2gemma2_rmf_kl0.05_lr5e-7_fp0_ec0.0_pk5_llm6-dcfg_smoke_mix_gemma-gemma-2-2b-it-frozenRM-nobaseline-power-k5-llmin-6.0-lr5e-7-kl0.05-n16-r1.log,Gemma-2,power,5.0,6.0,5e-7,0.05,0.0,0.0,False,frozen,20,0,190,24,0.093,0.0532,0.0499,0.093,-0.0398,0.0188,0.3148,0.323,0.0081,0.277,0.28,0.003,0.387,0.3777,-0.0093,0.256,0.256,0.5,0.001,0.273,158.4,119.1,-40.0
Phase-stability-Pm1w2gemma2_rmf_kl0.05_lr5e-7_fp5_ec0.0_pk5_llm6,Phase-stability-Pm1w2gemma2_rmf_kl0.05_lr5e-7_fp5_ec0.0_pk5_llm6-dcfg_smoke_mix_gemma,logs/20260712/Phase-stability-Pm1w2gemma2_rmf_kl0.05_lr5e-7_fp5_ec0.0_pk5_llm6-dcfg_smoke_mix_gemma-gemma-2-2b-it-frozenRM-nobaseline-power-k5-llmin-6.0-lr5e-7-kl0.05-n16-r1.log,Gemma-2,power,5.0,6.0,5e-7,0.05,0.0,5.0,False,frozen,39,0,190,24,0.0931,0.0248,0.0267,0.0931,-0.0682,0.0084,0.3151,0.2409,-0.0742,0.277,0.419,0.142,0.39,0.34,-0.05,0.256,0.256,0.269,0.081,2.636,523.8,19.4,10.583
Phase-stability-Pm1w2gemma2_rmf_kl0.05_lr5e-7_fp5_ec0.001_pk5_llm6,Phase-stability-Pm1w2gemma2_rmf_kl0.05_lr5e-7_fp5_ec0.001_pk5_llm6-dcfg_smoke_mix_gemma,logs/20260712/Phase-stability-Pm1w2gemma2_rmf_kl0.05_lr5e-7_fp5_ec0.001_pk5_llm6-dcfg_smoke_mix_gemma-gemma-2-2b-it-frozenRM-nobaseline-power-k5-llmin-6.0-lr5e-7-kl0.05-n16-r1.log,Gemma-2,power,5.0,6.0,5e-7,0.05,0.001,5.0,False,frozen,20,0,190,24,0.093,0.0184,0.018,0.093,-0.0745,0.0091,0.315,0.2346,-0.0804,0.273,0.3267,0.0537,0.387,0.3243,-0.0627,0.295,0.295,0.192,0.365,1.689,155.9,26.2,12.124
Phase-stability-Pm1w2gemma2_rmf_kl0.05_lr5e-7_fp0_ec0.0_pk5_llm4,Phase-stability-Pm1w2gemma2_rmf_kl0.05_lr5e-7_fp0_ec0.0_pk5_llm4-dcfg_smoke_mix_gemma,logs/20260712/Phase-stability-Pm1w2gemma2_rmf_kl0.05_lr5e-7_fp0_ec0.0_pk5_llm4-dcfg_smoke_mix_gemma-gemma-2-2b-it-frozenRM-nobaseline-power-k5-llmin-4-lr5e-7-kl0.05-n16-r1.log,Gemma-2,power,5.0,4.0,5e-7,0.05,0.0,0.0,False,frozen,39,0,190,24,0.093,0.2256,0.2377,0.2647,0.1326,0.0253,0.3148,0.4189,0.1041,0.277,0.3667,0.0897,0.383,0.4453,0.0623,0.397,0.397,0.269,0.095,2.595,169.3,64.6,-1.246
Phase-stability-Pm1w2gemma2_rmf_kl0.05_lr5e-7_fp0_ec0.001_pk5_llm4,Phase-stability-Pm1w2gemma2_rmf_kl0.05_lr5e-7_fp0_ec0.001_pk5_llm4-dcfg_smoke_mix_gemma,logs/20260712/Phase-stability-Pm1w2gemma2_rmf_kl0.05_lr5e-7_fp0_ec0.001_pk5_llm4-dcfg_smoke_mix_gemma-gemma-2-2b-it-frozenRM-nobaseline-power-k5-llmin-4-lr5e-7-kl0.05-n16-r1.log,Gemma-2,power,5.0,4.0,5e-7,0.05,0.001,0.0,False,frozen,39,0,190,24,0.0929,0.0674,0.0573,0.1225,-0.0255,0.018,0.3147,0.3597,0.0451,0.277,0.34,0.063,0.383,0.4187,0.0357,0.385,0.385,0.269,0.062,0.142,112.0,81.2,0.006
Phase-stability-Pm1w2gemma2_rmf_kl0.05_lr5e-7_fp5_ec0.0_pk5_llm4,Phase-stability-Pm1w2gemma2_rmf_kl0.05_lr5e-7_fp5_ec0.0_pk5_llm4-dcfg_smoke_mix_gemma,logs/20260713/Phase-stability-Pm1w2gemma2_rmf_kl0.05_lr5e-7_fp5_ec0.0_pk5_llm4-dcfg_smoke_mix_gemma-gemma-2-2b-it-frozenRM-nobaseline-power-k5-llmin-4.0-lr5e-7-kl0.05-n16-r1.log,Gemma-2,power,5.0,4.0,5e-7,0.05,0.0,5.0,False,frozen,20,0,190,24,0.093,0.0898,0.0839,0.1311,-0.0032,0.0273,0.3151,0.3687,0.0536,0.277,0.3343,0.0573,0.387,0.4147,0.0277,0.346,0.346,0.346,0.023,0.107,139.7,69.0,-1.404
Phase-stability-Pm1w2gemma2_rmf_kl0.05_lr5e-7_fp5_ec0.001_pk5_llm4,Phase-stability-Pm1w2gemma2_rmf_kl0.05_lr5e-7_fp5_ec0.001_pk5_llm4-dcfg_smoke_mix_gemma,logs/20260713/Phase-stability-Pm1w2gemma2_rmf_kl0.05_lr5e-7_fp5_ec0.001_pk5_llm4-dcfg_smoke_mix_gemma-gemma-2-2b-it-frozenRM-nobaseline-power-k5-llmin-4-lr5e-7-kl0.05-n16-r2.log,Gemma-2,power,5.0,4.0,5e-7,0.05,0.001,5.0,False,frozen,39,0,190,24,0.093,0.1681,0.1538,0.1803,0.0751,0.0246,0.3151,0.4119,0.0968,0.277,0.3333,0.0563,0.39,0.4157,0.0257,0.513,0.513,0.231,0.077,0.114,113.2,84.0,-5.571
Phase-stability-Pm1w2gemma2_rmf_kl0.05_lr5e-7_fp0_ec0.001_pk7_llm6,Phase-stability-Pm1w2gemma2_rmf_kl0.05_lr5e-7_fp0_ec0.001_pk7_llm6-dcfg_smoke_mix_gemma,logs/20260713/Phase-stability-Pm1w2gemma2_rmf_kl0.05_lr5e-7_fp0_ec0.001_pk7_llm6-dcfg_smoke_mix_gemma-gemma-2-2b-it-frozenRM-nobaseline-power-k7-llmin-6-lr5e-7-kl0.05-n16-r1.log,Gemma-2,power,7.0,6.0,5e-7,0.05,0.001,0.0,False,frozen,20,0,190,24,0.093,0.0576,0.0737,0.1171,-0.0354,0.0217,0.3151,0.311,-0.0041,0.277,0.36,0.083,0.387,0.3847,-0.0023,0.346,0.346,0.462,0.249,1.167,186.1,19.3,10.601
Phase-stability-Pm1w2gemma2_rmf_kl0.05_lr5e-7_fp5_ec0.0_pk7_llm6,Phase-stability-Pm1w2gemma2_rmf_kl0.05_lr5e-7_fp5_ec0.0_pk7_llm6-dcfg_smoke_mix_gemma,logs/20260713/Phase-stability-Pm1w2gemma2_rmf_kl0.05_lr5e-7_fp5_ec0.0_pk7_llm6-dcfg_smoke_mix_gemma-gemma-2-2b-it-frozenRM-nobaseline-power-k7-llmin-6.0-lr5e-7-kl0.05-n16-r1.log,Gemma-2,power,7.0,6.0,5e-7,0.05,0.0,5.0,False,frozen,20,0,190,24,0.093,0.0149,0.0143,0.093,-0.0782,0.0071,0.3154,0.2869,-0.0286,0.277,0.372,0.095,0.387,0.3787,-0.0083,0.269,0.269,0.231,0.219,0.618,226.1,68.3,12.518
Phase-stability-Pm1w2gemma2_rmf_kl0.05_lr5e-7_fp5_ec0.001_pk7_llm6,Phase-stability-Pm1w2gemma2_rmf_kl0.05_lr5e-7_fp5_ec0.001_pk7_llm6-dcfg_smoke_mix_gemma,logs/20260713/Phase-stability-Pm1w2gemma2_rmf_kl0.05_lr5e-7_fp5_ec0.001_pk7_llm6-dcfg_smoke_mix_gemma-gemma-2-2b-it-frozenRM-nobaseline-power-k7-llmin-6-lr5e-7-kl0.05-n16-r1.log,Gemma-2,power,7.0,6.0,5e-7,0.05,0.001,5.0,False,frozen,39,0,190,24,0.0853,0.0539,0.0389,0.0853,-0.0314,0.0167,0.3145,0.292,-0.0226,0.277,0.33,0.053,0.383,0.3533,-0.0297,0.308,0.308,0.231,0.193,2.117,142.4,31.5,7.451
Phase-stability-Pm1w2gemma2_rmf_kl0.05_lr5e-7_fp0_ec0.0_pk7_llm4,Phase-stability-Pm1w2gemma2_rmf_kl0.05_lr5e-7_fp0_ec0.0_pk7_llm4-dcfg_smoke_mix_gemma,logs/20260713/Phase-stability-Pm1w2gemma2_rmf_kl0.05_lr5e-7_fp0_ec0.0_pk7_llm4-dcfg_smoke_mix_gemma-gemma-2-2b-it-frozenRM-nobaseline-power-k7-llmin-4-lr5e-7-kl0.05-n16-r1.log,Gemma-2,power,7.0,4.0,5e-7,0.05,0.0,0.0,False,frozen,39,0,190,24,0.093,0.0684,0.0617,0.093,-0.0246,0.02,0.3147,0.3519,0.0372,0.277,0.3433,0.0663,0.387,0.401,0.014,0.385,0.385,0.308,0.044,0.101,135.9,69.1,-1.219
Phase-stability-Pm1w2gemma2_rmf_kl0.05_lr5e-7_fp0_ec0.001_pk7_llm4,Phase-stability-Pm1w2gemma2_rmf_kl0.05_lr5e-7_fp0_ec0.001_pk7_llm4-dcfg_smoke_mix_gemma,logs/20260713/Phase-stability-Pm1w2gemma2_rmf_kl0.05_lr5e-7_fp0_ec0.001_pk7_llm4-dcfg_smoke_mix_gemma-gemma-2-2b-it-frozenRM-nobaseline-power-k7-llmin-4.0-lr5e-7-kl0.05-n16-r1.log,Gemma-2,power,7.0,4.0,5e-7,0.05,0.001,0.0,False,frozen,20,0,190,24,0.093,0.1482,0.1662,0.2333,0.0552,0.0426,0.315,0.4009,0.0859,0.277,0.36,0.083,0.387,0.4237,0.0367,0.449,0.449,0.308,0.059,0.095,129.1,69.1,0.0
Phase-stability-Pm1w2gemma2_rmf_kl0.05_lr5e-7_fp5_ec0.0_pk7_llm4,Phase-stability-Pm1w2gemma2_rmf_kl0.05_lr5e-7_fp5_ec0.0_pk7_llm4-dcfg_smoke_mix_gemma,logs/20260713/Phase-stability-Pm1w2gemma2_rmf_kl0.05_lr5e-7_fp5_ec0.0_pk7_llm4-dcfg_smoke_mix_gemma-gemma-2-2b-it-frozenRM-nobaseline-power-k7-llmin-4-lr5e-7-kl0.05-n16-r1.log,Gemma-2,power,7.0,4.0,5e-7,0.05,0.0,5.0,False,frozen,20,0,190,24,0.093,0.0893,0.0872,0.0985,-0.0037,0.0076,0.315,0.3632,0.0482,0.277,0.3167,0.0397,0.383,0.418,0.035,0.346,0.346,0.423,0.029,0.095,127.4,77.6,-2.812
Phase-stability-Pm1w2gemma2_rmf_kl0.05_lr5e-7_fp5_ec0.001_pk7_llm4,Phase-stability-Pm1w2gemma2_rmf_kl0.05_lr5e-7_fp5_ec0.001_pk7_llm4-dcfg_smoke_mix_gemma,logs/20260713/Phase-stability-Pm1w2gemma2_rmf_kl0.05_lr5e-7_fp5_ec0.001_pk7_llm4-dcfg_smoke_mix_gemma-gemma-2-2b-it-frozenRM-nobaseline-power-k7-llmin-4-lr5e-7-kl0.05-n16-r1.log,Gemma-2,power,7.0,4.0,5e-7,0.05,0.001,5.0,False,frozen,39,0,190,24,0.0931,0.0751,0.0657,0.0964,-0.0179,0.0162,0.3151,0.3449,0.0298,0.277,0.3343,0.0573,0.387,0.4,0.013,0.436,0.436,0.154,0.044,0.066,133.0,89.8,-1.406
Phase-stability-Pm1w2gemma2_rma_kl0.05_lr5e-7_fp0_ec0.0_pk5_llm6,Phase-stability-Pm1w2gemma2_rma_kl0.05_lr5e-7_fp0_ec0.0_pk5_llm6-dcfg_smoke_mix_gemma,logs/20260713/Phase-stability-Pm1w2gemma2_rma_kl0.05_lr5e-7_fp0_ec0.0_pk5_llm6-dcfg_smoke_mix_gemma-gemma-2-2b-it-actorRM-nobaseline-power-k5-llmin-6.0-lr5e-7-kl0.05-n16-r1.log,Gemma-2,power,5.0,6.0,5e-7,0.05,0.0,0.0,False,actor,20,0,190,24,0.0854,0.174,0.1445,0.2209,0.0886,0.051,0.3146,0.3789,0.0643,0.273,0.4677,0.1947,0.383,0.458,0.075,0.397,0.397,0.346,1.845,2.695,147.3,21.4,14.554
Phase-stability-Pm1w2gemma2_rma_kl0.05_lr5e-7_fp0_ec0.001_pk5_llm6,Phase-stability-Pm1w2gemma2_rma_kl0.05_lr5e-7_fp0_ec0.001_pk5_llm6-dcfg_smoke_mix_gemma,logs/20260713/Phase-stability-Pm1w2gemma2_rma_kl0.05_lr5e-7_fp0_ec0.001_pk5_llm6-dcfg_smoke_mix_gemma-gemma-2-2b-it-actorRM-nobaseline-power-k5-llmin-6-lr5e-7-kl0.05-n16-r1.log,Gemma-2,power,5.0,6.0,5e-7,0.05,0.001,0.0,False,actor,39,0,190,24,0.093,0.1748,0.158,0.1963,0.0818,0.0273,0.3151,0.4036,0.0885,0.277,0.4837,0.2067,0.387,0.4367,0.0497,0.308,0.308,0.346,3.392,3.802,158.9,19.4,14.815
Phase-stability-Pm1w2gemma2_rma_kl0.05_lr5e-7_fp5_ec0.001_pk5_llm6,Phase-stability-Pm1w2gemma2_rma_kl0.05_lr5e-7_fp5_ec0.001_pk5_llm6-dcfg_smoke_mix_gemma,logs/20260713/Phase-stability-Pm1w2gemma2_rma_kl0.05_lr5e-7_fp5_ec0.001_pk5_llm6-dcfg_smoke_mix_gemma-gemma-2-2b-it-actorRM-nobaseline-power-k5-llmin-6.0-lr5e-7-kl0.05-n16-r1.log,Gemma-2,power,5.0,6.0,5e-7,0.05,0.001,5.0,False,actor,38,0,185,24,0.093,0.1944,0.1826,0.2732,0.1014,0.0439,0.3149,0.4147,0.0998,0.277,0.5277,0.2507,0.387,0.4777,0.0907,0.423,0.423,0.423,0.58,6.755,897.4,10.3,6.237
Phase-stability-Pm1w2gemma2_rma_kl0.05_lr5e-7_fp0_ec0.001_pk5_llm4,Phase-stability-Pm1w2gemma2_rma_kl0.05_lr5e-7_fp0_ec0.001_pk5_llm4-dcfg_smoke_mix_gemma,logs/20260713/Phase-stability-Pm1w2gemma2_rma_kl0.05_lr5e-7_fp0_ec0.001_pk5_llm4-dcfg_smoke_mix_gemma-gemma-2-2b-it-actorRM-nobaseline-power-k5-llmin-4-lr5e-7-kl0.05-n16-r1.log,Gemma-2,power,5.0,4.0,5e-7,0.05,0.001,0.0,False,actor,39,0,190,24,0.0929,0.1128,0.1204,0.1371,0.0199,0.0179,0.3147,0.3586,0.0439,0.277,0.32,0.043,0.393,0.3957,0.0027,0.359,0.359,0.269,4.294,4.294,77.5,61.2,-3.741
Phase-stability-Pm1w2gemma2_rma_kl0.05_lr5e-7_fp5_ec0.0_pk5_llm4,Phase-stability-Pm1w2gemma2_rma_kl0.05_lr5e-7_fp5_ec0.0_pk5_llm4-dcfg_smoke_mix_gemma,logs/20260713/Phase-stability-Pm1w2gemma2_rma_kl0.05_lr5e-7_fp5_ec0.0_pk5_llm4-dcfg_smoke_mix_gemma-gemma-2-2b-it-actorRM-nobaseline-power-k5-llmin-4.0-lr5e-7-kl0.05-n16-r1.log,Gemma-2,power,5.0,4.0,5e-7,0.05,0.0,5.0,False,actor,20,0,190,24,0.093,0.0733,0.0736,0.1071,-0.0196,0.0186,0.3147,0.366,0.0513,0.28,0.3447,0.0647,0.387,0.4147,0.0277,0.359,0.359,0.385,2.762,2.762,115.0,68.3,-2.782
Phase-stability-Pm1w2gemma2_rma_kl0.05_lr5e-7_fp5_ec0.001_pk5_llm4,Phase-stability-Pm1w2gemma2_rma_kl0.05_lr5e-7_fp5_ec0.001_pk5_llm4-dcfg_smoke_mix_gemma,logs/20260713/Phase-stability-Pm1w2gemma2_rma_kl0.05_lr5e-7_fp5_ec0.001_pk5_llm4-dcfg_smoke_mix_gemma-gemma-2-2b-it-actorRM-nobaseline-power-k5-llmin-4-lr5e-7-kl0.05-n16-r1.log,Gemma-2,power,5.0,4.0,5e-7,0.05,0.001,5.0,False,actor,39,0,190,24,0.0929,0.2088,0.1937,0.2187,0.1159,0.0203,0.3147,0.3954,0.0807,0.277,0.3733,0.0963,0.39,0.4367,0.0467,0.385,0.385,0.346,0.029,0.32,140.1,61.9,-1.406
Phase-stability-Pm1w2gemma2_rma_kl0.05_lr5e-7_fp0_ec0.0_pk7_llm6,Phase-stability-Pm1w2gemma2_rma_kl0.05_lr5e-7_fp0_ec0.0_pk7_llm6-dcfg_smoke_mix_gemma,logs/20260713/Phase-stability-Pm1w2gemma2_rma_kl0.05_lr5e-7_fp0_ec0.0_pk7_llm6-dcfg_smoke_mix_gemma-gemma-2-2b-it-frozenRM-nobaseline-power-k7-llmin-6-lr5e-7-kl0.05-n16-r1.log,Gemma-2,power,7.0,6.0,5e-7,0.05,0.0,0.0,False,actor,20,0,190,24,0.0853,0.4298,0.4285,0.4346,0.3445,0.0068,0.3147,0.5066,0.1919,0.277,0.43,0.153,0.387,0.5033,0.1163,0.513,0.513,0.231,9.852,10.0,445.2,1.5,15.661
Phase-stability-Pm1w2gemma2_rma_kl0.05_lr5e-7_fp0_ec0.001_pk7_llm6,Phase-stability-Pm1w2gemma2_rma_kl0.05_lr5e-7_fp0_ec0.001_pk7_llm6-dcfg_smoke_mix_gemma,logs/20260713/Phase-stability-Pm1w2gemma2_rma_kl0.05_lr5e-7_fp0_ec0.001_pk7_llm6-dcfg_smoke_mix_gemma-gemma-2-2b-it-actorRM-nobaseline-power-k7-llmin-6-lr5e-7-kl0.05-n16-r1.log,Gemma-2,power,7.0,6.0,5e-7,0.05,0.001,0.0,False,actor,39,0,190,24,0.093,0.1549,0.1424,0.1703,0.0619,0.0222,0.3151,0.3636,0.0485,0.277,0.4933,0.2163,0.387,0.4657,0.0787,0.359,0.359,0.308,0.553,3.276,99.1,27.6,16.792
Phase-stability-Pm1w2gemma2_rma_kl0.05_lr5e-7_fp5_ec0.0_pk7_llm6,Phase-stability-Pm1w2gemma2_rma_kl0.05_lr5e-7_fp5_ec0.0_pk7_llm6-dcfg_smoke_mix_gemma,logs/20260713/Phase-stability-Pm1w2gemma2_rma_kl0.05_lr5e-7_fp5_ec0.0_pk7_llm6-dcfg_smoke_mix_gemma-gemma-2-2b-it-actorRM-nobaseline-power-k7-llmin-6.0-lr5e-7-kl0.05-n16-r1.log,Gemma-2,power,7.0,6.0,5e-7,0.05,0.0,5.0,False,actor,20,0,190,24,0.0929,0.0191,0.0193,0.0929,-0.0738,0.004,0.3149,0.2467,-0.0682,0.277,0.36,0.083,0.387,0.3297,-0.0573,0.205,0.205,0.308,0.23,2.219,263.4,30.9,12.846
Phase-stability-Pm1w2gemma2_rma_kl0.05_lr5e-7_fp0_ec0.0_pk7_llm4,Phase-stability-Pm1w2gemma2_rma_kl0.05_lr5e-7_fp0_ec0.0_pk7_llm4-dcfg_smoke_mix_gemma,logs/20260713/Phase-stability-Pm1w2gemma2_rma_kl0.05_lr5e-7_fp0_ec0.0_pk7_llm4-dcfg_smoke_mix_gemma-gemma-2-2b-it-actorRM-nobaseline-power-k7-llmin-4.0-lr5e-7-kl0.05-n16-r1.log,Gemma-2,power,7.0,4.0,5e-7,0.05,0.0,0.0,False,actor,20,0,190,24,0.093,0.137,0.1109,0.1857,0.044,0.0514,0.3148,0.4058,0.0909,0.277,0.3243,0.0473,0.387,0.4423,0.0553,0.462,0.462,0.462,0.102,0.193,102.7,64.8,0.003
Phase-stability-Pm1w2gemma2_rma_kl0.05_lr5e-7_fp5_ec0.0_pk7_llm4,Phase-stability-Pm1w2gemma2_rma_kl0.05_lr5e-7_fp5_ec0.0_pk7_llm4-dcfg_smoke_mix_gemma,logs/20260713/Phase-stability-Pm1w2gemma2_rma_kl0.05_lr5e-7_fp5_ec0.0_pk7_llm4-dcfg_smoke_mix_gemma-gemma-2-2b-it-actorRM-nobaseline-power-k7-llmin-4.0-lr5e-7-kl0.05-n16-r1.log,Gemma-2,power,7.0,4.0,5e-7,0.05,0.0,5.0,False,actor,39,0,190,24,0.093,0.1725,0.152,0.1931,0.0795,0.039,0.3152,0.3908,0.0756,0.277,0.3323,0.0553,0.387,0.4447,0.0577,0.449,0.449,0.308,0.042,2.554,113.1,65.0,-1.393
Phase-stability-Pm1w2qwen3_rmf_kl0.05_lr1e-6_fp0_ec0.0_lp,Phase-stability-Pm1w2qwen3_rmf_kl0.05_lr1e-6_fp0_ec0.0_lp-dcfg_smoke_mix_gemma,logs/20260713/Phase-stability-Pm1w2qwen3_rmf_kl0.05_lr1e-6_fp0_ec0.0_lp-dcfg_smoke_mix_gemma-Qwen3-1.7B-frozenRM-nobaseline-log_prob-k2.0-llmin-8.0-lr1e-6-kl0.05-n16-r1.log,Qwen3,log_prob,2.0,8.0,1e-6,0.05,0.0,0.0,False,frozen,14,0,380,24,0.3403,0.3988,0.3958,0.4008,0.0585,0.0053,0.4412,0.4789,0.0377,0.89,0.8943,0.0043,0.59,0.639,0.049,0.474,0.474,0.538,0.014,0.023,865.1,622.6,-7.026
Phase-stability-Pm1w2qwen3_rmf_kl0.05_lr1e-6_fp0_ec0.001_lp,Phase-stability-Pm1w2qwen3_rmf_kl0.05_lr1e-6_fp0_ec0.001_lp-dcfg_smoke_mix_gemma,logs/20260713/Phase-stability-Pm1w2qwen3_rmf_kl0.05_lr1e-6_fp0_ec0.001_lp-dcfg_smoke_mix_gemma-Qwen3-1.7B-frozenRM-nobaseline-log_prob-k2.0-llmin-8.0-lr1e-6-kl0.05-n16-r1.log,Qwen3,log_prob,2.0,8.0,1e-6,0.05,0.001,0.0,False,frozen,14,0,380,24,0.3415,0.4046,0.4024,0.4113,0.0632,0.0089,0.4413,0.4809,0.0397,0.887,0.9043,0.0173,0.587,0.6477,0.0607,0.462,0.462,0.5,0.011,0.023,958.6,608.9,-7.264
Phase-stability-Pm1w2qwen3_rmf_kl0.05_lr1e-6_fp5_ec0.0_lp,Phase-stability-Pm1w2qwen3_rmf_kl0.05_lr1e-6_fp5_ec0.0_lp-dcfg_smoke_mix_gemma,logs/20260713/Phase-stability-Pm1w2qwen3_rmf_kl0.05_lr1e-6_fp5_ec0.0_lp-dcfg_smoke_mix_gemma-Qwen3-1.7B-frozenRM-nobaseline-log_prob-k2.0-llmin-8.0-lr1e-6-kl0.05-n16-r1.log,Qwen3,log_prob,2.0,8.0,1e-6,0.05,0.0,5.0,False,frozen,39,0,190,24,0.1607,0.0703,0.0696,0.168,-0.0904,0.0157,0.2723,0.236,-0.0364,0.487,0.342,-0.145,0.243,0.082,-0.161,0.282,0.282,0.231,0.012,0.016,470.3,439.9,-7.865
Phase-stability-Pm1w2qwen3_rmf_kl0.05_lr1e-6_fp5_ec0.001_lp,Phase-stability-Pm1w2qwen3_rmf_kl0.05_lr1e-6_fp5_ec0.001_lp-dcfg_smoke_mix_gemma,logs/20260713/Phase-stability-Pm1w2qwen3_rmf_kl0.05_lr1e-6_fp5_ec0.001_lp-dcfg_smoke_mix_gemma-Qwen3-1.7B-frozenRM-nobaseline-log_prob-k2.0-llmin-8.0-lr1e-6-kl0.05-n16-r1.log,Qwen3,log_prob,2.0,8.0,1e-6,0.05,0.001,5.0,False,frozen,39,0,190,24,0.3427,0.3406,0.3399,0.3847,-0.0021,0.0068,0.4425,0.435,-0.0076,0.89,0.9033,0.0133,0.593,0.5623,-0.0307,0.449,0.449,0.5,0.009,0.013,801.4,658.3,-10.32
Phase-stability-Pm1w2qwen3_rma_kl0.05_lr1e-6_fp0_ec0.0_lp,Phase-stability-Pm1w2qwen3_rma_kl0.05_lr1e-6_fp0_ec0.0_lp-dcfg_smoke_mix_gemma,logs/20260713/Phase-stability-Pm1w2qwen3_rma_kl0.05_lr1e-6_fp0_ec0.0_lp-dcfg_smoke_mix_gemma-Qwen3-1.7B-actorRM-nobaseline-log_prob-k2.0-llmin-8.0-lr1e-6-kl0.05-n16-r1.log,Qwen3,log_prob,2.0,8.0,1e-6,0.05,0.0,0.0,False,actor,39,0,190,24,0.3341,0.1889,0.1867,0.3631,-0.1452,0.011,0.4341,0.331,-0.1031,0.857,0.861,0.004,0.55,0.3367,-0.2133,0.385,0.385,0.346,0.009,0.012,784.6,603.7,-6.785
Phase-stability-Pm1w2qwen3_rma_kl0.05_lr1e-6_fp0_ec0.001_lp,Phase-stability-Pm1w2qwen3_rma_kl0.05_lr1e-6_fp0_ec0.001_lp-dcfg_smoke_mix_gemma,logs/20260713/Phase-stability-Pm1w2qwen3_rma_kl0.05_lr1e-6_fp0_ec0.001_lp-dcfg_smoke_mix_gemma-Qwen3-1.7B-actorRM-nobaseline-log_prob-k2.0-llmin-8.0-lr1e-6-kl0.05-n16-r1.log,Qwen3,log_prob,2.0,8.0,1e-6,0.05,0.001,0.0,False,actor,39,0,190,24,0.1605,0.0706,0.0824,0.1698,-0.0899,0.023,0.2719,0.2312,-0.0407,0.487,0.4143,-0.0727,0.243,0.1513,-0.0917,0.192,0.192,0.269,0.01,0.017,475.2,447.4,-6.908
Phase-stability-Pm1w2qwen3_rma_kl0.05_lr1e-6_fp5_ec0.0_lp,Phase-stability-Pm1w2qwen3_rma_kl0.05_lr1e-6_fp5_ec0.0_lp-dcfg_smoke_mix_gemma,logs/20260713/Phase-stability-Pm1w2qwen3_rma_kl0.05_lr1e-6_fp5_ec0.0_lp-dcfg_smoke_mix_gemma-Qwen3-1.7B-actorRM-nobaseline-log_prob-k2.0-llmin-8.0-lr1e-6-kl0.05-n16-r1.log,Qwen3,log_prob,2.0,8.0,1e-6,0.05,0.0,5.0,False,actor,20,0,190,24,0.1584,0.0594,0.0906,0.1742,-0.099,0.0355,0.2719,0.2337,-0.0381,0.487,0.4067,-0.0803,0.243,0.141,-0.102,0.244,0.244,0.231,0.016,0.022,478.1,447.0,-11.8
Phase-stability-Pm1w2qwen3_rma_kl0.05_lr1e-6_fp5_ec0.001_lp,Phase-stability-Pm1w2qwen3_rma_kl0.05_lr1e-6_fp5_ec0.001_lp-dcfg_smoke_mix_gemma,logs/20260713/Phase-stability-Pm1w2qwen3_rma_kl0.05_lr1e-6_fp5_ec0.001_lp-dcfg_smoke_mix_gemma-Qwen3-1.7B-actorRM-nobaseline-log_prob-k2.0-llmin-8.0-lr1e-6-kl0.05-n16-r1.log,Qwen3,log_prob,2.0,8.0,1e-6,0.05,0.001,5.0,False,actor,20,0,190,24,0.1608,0.0963,0.1216,0.1651,-0.0645,0.0286,0.272,0.2529,-0.0191,0.49,0.311,-0.179,0.243,0.1187,-0.1243,0.231,0.231,0.269,0.013,0.018,448.8,435.6,-10.848
Phase-stability-Pm1w2qwen3_rmf_kl0.05_lr5e-7_fp0_ec0.0_pk5_llm6,Phase-stability-Pm1w2qwen3_rmf_kl0.05_lr5e-7_fp0_ec0.0_pk5_llm6-dcfg_smoke_mix_gemma,logs/20260713/Phase-stability-Pm1w2qwen3_rmf_kl0.05_lr5e-7_fp0_ec0.0_pk5_llm6-dcfg_smoke_mix_gemma-Qwen3-1.7B-frozenRM-nobaseline-power-k5-llmin-6-lr5e-7-kl0.05-n16-r1.log,Qwen3,power,5.0,6.0,5e-7,0.05,0.0,0.0,False,frozen,20,0,190,24,0.1605,0.1544,0.1544,0.1766,-0.006,0.0061,0.2717,0.267,-0.0048,0.487,0.4723,-0.0147,0.243,0.2577,0.0147,0.282,0.282,0.269,0.003,0.004,459.3,432.1,-2.017
Phase-stability-Pm1w2qwen3_rmf_kl0.05_lr5e-7_fp0_ec0.001_pk5_llm6,Phase-stability-Pm1w2qwen3_rmf_kl0.05_lr5e-7_fp0_ec0.001_pk5_llm6-dcfg_smoke_mix_gemma,logs/20260713/Phase-stability-Pm1w2qwen3_rmf_kl0.05_lr5e-7_fp0_ec0.001_pk5_llm6-dcfg_smoke_mix_gemma-Qwen3-1.7B-frozenRM-nobaseline-power-k5-llmin-6-lr5e-7-kl0.05-n16-r1.log,Qwen3,power,5.0,6.0,5e-7,0.05,0.001,0.0,False,frozen,39,0,190,24,0.1613,0.1469,0.1511,0.1751,-0.0144,0.0124,0.2719,0.2744,0.0025,0.487,0.4957,0.0087,0.243,0.249,0.006,0.308,0.308,0.308,0.003,0.004,466.5,425.4,-3.543
Phase-stability-Pm1w2qwen3_rmf_kl0.05_lr5e-7_fp5_ec0.001_pk5_llm6,Phase-stability-Pm1w2qwen3_rmf_kl0.05_lr5e-7_fp5_ec0.001_pk5_llm6-dcfg_smoke_mix_gemma,logs/20260713/Phase-stability-Pm1w2qwen3_rmf_kl0.05_lr5e-7_fp5_ec0.001_pk5_llm6-dcfg_smoke_mix_gemma-Qwen3-1.7B-frozenRM-nobaseline-power-k5-llmin-6.0-lr5e-7-kl0.05-n16-r1.log,Qwen3,power,5.0,6.0,5e-7,0.05,0.001,5.0,False,frozen,39,0,190,24,0.3423,0.3526,0.3491,0.3693,0.0103,0.0115,0.4425,0.4469,0.0044,0.88,0.892,0.012,0.587,0.591,0.004,0.449,0.449,0.5,0.003,0.003,583.6,567.2,1.022
Phase-stability-Pm1w2qwen3_rmf_kl0.05_lr5e-7_fp0_ec0.0_pk5_llm4,Phase-stability-Pm1w2qwen3_rmf_kl0.05_lr5e-7_fp0_ec0.0_pk5_llm4-dcfg_smoke_mix_gemma,logs/20260713/Phase-stability-Pm1w2qwen3_rmf_kl0.05_lr5e-7_fp0_ec0.0_pk5_llm4-dcfg_smoke_mix_gemma-Qwen3-1.7B-frozenRM-nobaseline-power-k5-llmin-4.0-lr5e-7-kl0.05-n16-r1.log,Qwen3,power,5.0,4.0,5e-7,0.05,0.0,0.0,False,frozen,20,0,190,24,0.1616,0.1464,0.1439,0.1729,-0.0151,0.0069,0.2719,0.2613,-0.0106,0.487,0.4933,0.0063,0.243,0.21,-0.033,0.256,0.256,0.115,0.002,0.003,466.0,432.4,-0.078
Phase-stability-Pm1w2qwen3_rmf_kl0.05_lr5e-7_fp0_ec0.001_pk5_llm4,Phase-stability-Pm1w2qwen3_rmf_kl0.05_lr5e-7_fp0_ec0.001_pk5_llm4-dcfg_smoke_mix_gemma,logs/20260713/Phase-stability-Pm1w2qwen3_rmf_kl0.05_lr5e-7_fp0_ec0.001_pk5_llm4-dcfg_smoke_mix_gemma-Qwen3-1.7B-frozenRM-nobaseline-power-k5-llmin-4-lr5e-7-kl0.05-n16-r1.log,Qwen3,power,5.0,4.0,5e-7,0.05,0.001,0.0,False,frozen,39,0,190,24,0.1605,0.0695,0.0754,0.1687,-0.0911,0.0192,0.2719,0.2583,-0.0136,0.487,0.1623,-0.3247,0.243,0.0867,-0.1563,0.244,0.244,0.269,0.002,0.006,455.4,433.2,0.033
Phase-stability-Pm1w2qwen3_rmf_kl0.05_lr5e-7_fp5_ec0.0_pk5_llm4,Phase-stability-Pm1w2qwen3_rmf_kl0.05_lr5e-7_fp5_ec0.0_pk5_llm4-dcfg_smoke_mix_gemma,logs/20260713/Phase-stability-Pm1w2qwen3_rmf_kl0.05_lr5e-7_fp5_ec0.0_pk5_llm4-dcfg_smoke_mix_gemma-Qwen3-1.7B-frozenRM-nobaseline-power-k5-llmin-4-lr5e-7-kl0.05-n16-r1.log,Qwen3,power,5.0,4.0,5e-7,0.05,0.0,5.0,False,frozen,20,0,190,24,0.1603,0.1542,0.1542,0.1806,-0.0061,0.0069,0.2717,0.2642,-0.0076,0.487,0.48,-0.007,0.243,0.2513,0.0083,0.385,0.385,0.115,0.002,0.003,449.6,433.3,-1.426
Phase-stability-Pm1w2qwen3_rmf_kl0.05_lr5e-7_fp5_ec0.001_pk5_llm4,Phase-stability-Pm1w2qwen3_rmf_kl0.05_lr5e-7_fp5_ec0.001_pk5_llm4-dcfg_smoke_mix_gemma,logs/20260713/Phase-stability-Pm1w2qwen3_rmf_kl0.05_lr5e-7_fp5_ec0.001_pk5_llm4-dcfg_smoke_mix_gemma-Qwen3-1.7B-frozenRM-nobaseline-power-k5-llmin-4.0-lr5e-7-kl0.05-n16-r1.log,Qwen3,power,5.0,4.0,5e-7,0.05,0.001,5.0,False,frozen,20,0,190,24,0.1605,0.1443,0.1471,0.1719,-0.0162,0.0121,0.2719,0.2557,-0.0162,0.487,0.4853,-0.0017,0.243,0.2167,-0.0263,0.192,0.192,0.269,0.002,0.004,468.1,431.2,0.012
Phase-stability-Pm1w2qwen3_rmf_kl0.05_lr5e-7_fp0_ec0.0_pk7_llm6,Phase-stability-Pm1w2qwen3_rmf_kl0.05_lr5e-7_fp0_ec0.0_pk7_llm6-dcfg_smoke_mix_gemma,logs/20260713/Phase-stability-Pm1w2qwen3_rmf_kl0.05_lr5e-7_fp0_ec0.0_pk7_llm6-dcfg_smoke_mix_gemma-Qwen3-1.7B-frozenRM-nobaseline-power-k7-llmin-6-lr5e-7-kl0.05-n16-r1.log,Qwen3,power,7.0,6.0,5e-7,0.05,0.0,0.0,False,frozen,39,0,190,24,0.1605,0.1673,0.1632,0.1825,0.0068,0.0063,0.2719,0.2755,0.0036,0.487,0.4867,-0.0003,0.243,0.2877,0.0447,0.359,0.359,0.308,0.003,0.006,450.5,438.2,3.661
Phase-stability-Pm1w2qwen3_rmf_kl0.05_lr5e-7_fp0_ec0.001_pk7_llm6,Phase-stability-Pm1w2qwen3_rmf_kl0.05_lr5e-7_fp0_ec0.001_pk7_llm6-dcfg_smoke_mix_gemma,logs/20260713/Phase-stability-Pm1w2qwen3_rmf_kl0.05_lr5e-7_fp0_ec0.001_pk7_llm6-dcfg_smoke_mix_gemma-Qwen3-1.7B-frozenRM-nobaseline-power-k7-llmin-6-lr5e-7-kl0.05-n16-r1.log,Qwen3,power,7.0,6.0,5e-7,0.05,0.001,0.0,False,frozen,39,0,190,24,0.3344,0.3132,0.3282,0.367,-0.0211,0.0219,0.4345,0.4249,-0.0095,0.853,0.8857,0.0327,0.54,0.538,-0.002,0.5,0.5,0.538,0.002,0.004,722.1,571.3,-1.033
Phase-stability-Pm1w2qwen3_rmf_kl0.05_lr5e-7_fp5_ec0.0_pk7_llm6,Phase-stability-Pm1w2qwen3_rmf_kl0.05_lr5e-7_fp5_ec0.0_pk7_llm6-dcfg_smoke_mix_gemma,logs/20260713/Phase-stability-Pm1w2qwen3_rmf_kl0.05_lr5e-7_fp5_ec0.0_pk7_llm6-dcfg_smoke_mix_gemma-Qwen3-1.7B-frozenRM-nobaseline-power-k7-llmin-6-lr5e-7-kl0.05-n16-r1.log,Qwen3,power,7.0,6.0,5e-7,0.05,0.0,5.0,False,frozen,39,0,190,24,0.3419,0.3512,0.3583,0.377,0.0093,0.0141,0.4415,0.4465,0.005,0.887,0.8877,0.0007,0.59,0.5823,-0.0077,0.513,0.513,0.5,0.004,0.004,635.0,586.0,0.031
Phase-stability-Pm1w2qwen3_rmf_kl0.05_lr5e-7_fp5_ec0.001_pk7_llm6,Phase-stability-Pm1w2qwen3_rmf_kl0.05_lr5e-7_fp5_ec0.001_pk7_llm6-dcfg_smoke_mix_gemma,logs/20260713/Phase-stability-Pm1w2qwen3_rmf_kl0.05_lr5e-7_fp5_ec0.001_pk7_llm6-dcfg_smoke_mix_gemma-Qwen3-1.7B-frozenRM-nobaseline-power-k7-llmin-6-lr5e-7-kl0.05-n16-r1.log,Qwen3,power,7.0,6.0,5e-7,0.05,0.001,5.0,False,frozen,39,0,190,24,0.1605,0.1502,0.1511,0.1784,-0.0102,0.0051,0.2717,0.2623,-0.0095,0.487,0.489,0.002,0.243,0.2357,-0.0073,0.256,0.256,0.231,0.003,0.004,451.4,433.8,0.542
Phase-stability-Pm1w2qwen3_rmf_kl0.05_lr5e-7_fp0_ec0.0_pk7_llm4,Phase-stability-Pm1w2qwen3_rmf_kl0.05_lr5e-7_fp0_ec0.0_pk7_llm4-dcfg_smoke_mix_gemma,logs/20260713/Phase-stability-Pm1w2qwen3_rmf_kl0.05_lr5e-7_fp0_ec0.0_pk7_llm4-dcfg_smoke_mix_gemma-Qwen3-1.7B-frozenRM-nobaseline-power-k7.0-llmin-4.0-lr5e-7-kl0.05-n16-r1.log,Qwen3,power,7.0,4.0,5e-7,0.05,0.0,0.0,False,frozen,14,0,380,24,0.3425,0.3098,0.3033,0.3628,-0.0327,0.0127,0.4425,0.4207,-0.0218,0.89,0.902,0.012,0.593,0.5623,-0.0307,0.487,0.487,0.615,0.002,0.003,686.2,562.9,0.002
Phase-stability-Pm1w2qwen3_rmf_kl0.05_lr5e-7_fp0_ec0.001_pk7_llm4,Phase-stability-Pm1w2qwen3_rmf_kl0.05_lr5e-7_fp0_ec0.001_pk7_llm4-dcfg_smoke_mix_gemma,logs/20260713/Phase-stability-Pm1w2qwen3_rmf_kl0.05_lr5e-7_fp0_ec0.001_pk7_llm4-dcfg_smoke_mix_gemma-Qwen3-1.7B-frozenRM-nobaseline-power-k7-llmin-4.0-lr5e-7-kl0.05-n16-r1.log,Qwen3,power,7.0,4.0,5e-7,0.05,0.001,0.0,False,frozen,20,0,190,24,0.1605,0.0684,0.0703,0.1758,-0.0921,0.0145,0.2718,0.2243,-0.0475,0.487,0.461,-0.026,0.243,0.1367,-0.1063,0.192,0.192,0.346,0.003,0.005,442.7,441.5,-2.5
Phase-stability-Pm1w2qwen3_rmf_kl0.05_lr5e-7_fp5_ec0.0_pk7_llm4,Phase-stability-Pm1w2qwen3_rmf_kl0.05_lr5e-7_fp5_ec0.0_pk7_llm4-dcfg_smoke_mix_gemma,logs/20260713/Phase-stability-Pm1w2qwen3_rmf_kl0.05_lr5e-7_fp5_ec0.0_pk7_llm4-dcfg_smoke_mix_gemma-Qwen3-1.7B-frozenRM-nobaseline-power-k7-llmin-4-lr5e-7-kl0.05-n16-r1.log,Qwen3,power,7.0,4.0,5e-7,0.05,0.0,5.0,False,frozen,39,0,190,24,0.1605,0.1445,0.1418,0.1808,-0.016,0.0125,0.2719,0.2615,-0.0104,0.487,0.4687,-0.0183,0.243,0.219,-0.024,0.205,0.205,0.231,0.002,0.004,453.1,442.2,-3.789
Phase-stability-Pm1w2qwen3_rma_kl0.05_lr5e-7_fp0_ec0.0_pk5_llm6,Phase-stability-Pm1w2qwen3_rma_kl0.05_lr5e-7_fp0_ec0.0_pk5_llm6-dcfg_smoke_mix_gemma,logs/20260713/Phase-stability-Pm1w2qwen3_rma_kl0.05_lr5e-7_fp0_ec0.0_pk5_llm6-dcfg_smoke_mix_gemma-Qwen3-1.7B-frozenRM-nobaseline-power-k5-llmin-6-lr5e-7-kl0.05-n16-r1.log,Qwen3,power,5.0,6.0,5e-7,0.05,0.0,0.0,False,actor,20,0,190,24,0.161,0.1517,0.1588,0.1776,-0.0093,0.0079,0.2722,0.2652,-0.0071,0.487,0.49,0.003,0.243,0.24,-0.003,0.295,0.295,0.462,0.002,0.004,468.1,427.4,-0.368
Phase-stability-Pm1w2qwen3_rma_kl0.05_lr5e-7_fp0_ec0.001_pk5_llm6,Phase-stability-Pm1w2qwen3_rma_kl0.05_lr5e-7_fp0_ec0.001_pk5_llm6-dcfg_smoke_mix_gemma,logs/20260713/Phase-stability-Pm1w2qwen3_rma_kl0.05_lr5e-7_fp0_ec0.001_pk5_llm6-dcfg_smoke_mix_gemma-Qwen3-1.7B-frozenRM-nobaseline-power-k5-llmin-6-lr5e-7-kl0.05-n16-r1.log,Qwen3,power,5.0,6.0,5e-7,0.05,0.001,0.0,False,actor,20,0,190,24,0.1605,0.1674,0.1697,0.1793,0.0069,0.0038,0.272,0.2699,-0.0021,0.487,0.4713,-0.0157,0.247,0.2767,0.0297,0.256,0.256,0.231,0.003,0.004,460.3,439.1,3.383
Phase-stability-Pm1w2qwen3_rma_kl0.05_lr5e-7_fp5_ec0.0_pk5_llm6,Phase-stability-Pm1w2qwen3_rma_kl0.05_lr5e-7_fp5_ec0.0_pk5_llm6-dcfg_smoke_mix_gemma,logs/20260713/Phase-stability-Pm1w2qwen3_rma_kl0.05_lr5e-7_fp5_ec0.0_pk5_llm6-dcfg_smoke_mix_gemma-Qwen3-1.7B-actorRM-nobaseline-power-k5-llmin-6-lr5e-7-kl0.05-n16-r1.log,Qwen3,power,5.0,6.0,5e-7,0.05,0.0,5.0,False,actor,39,0,190,24,0.1605,0.1594,0.1564,0.1758,-0.0011,0.006,0.2719,0.2689,-0.0029,0.487,0.483,-0.004,0.247,0.2587,0.0117,0.231,0.231,0.5,0.003,0.005,455.5,432.0,-1.857
Phase-stability-Pm1w2qwen3_rma_kl0.05_lr5e-7_fp5_ec0.001_pk5_llm6,Phase-stability-Pm1w2qwen3_rma_kl0.05_lr5e-7_fp5_ec0.001_pk5_llm6-dcfg_smoke_mix_gemma,logs/20260713/Phase-stability-Pm1w2qwen3_rma_kl0.05_lr5e-7_fp5_ec0.001_pk5_llm6-dcfg_smoke_mix_gemma-Qwen3-1.7B-actorRM-nobaseline-power-k5-llmin-6.0-lr5e-7-kl0.05-n16-r1.log,Qwen3,power,5.0,6.0,5e-7,0.05,0.001,5.0,False,actor,39,0,190,24,0.3422,0.3607,0.3603,0.3686,0.0185,0.0076,0.442,0.4496,0.0076,0.89,0.9077,0.0177,0.587,0.5987,0.0117,0.423,0.423,0.538,0.002,0.004,681.1,592.9,0.41
Phase-stability-Pm1w2qwen3_rma_kl0.05_lr5e-7_fp0_ec0.0_pk5_llm4,Phase-stability-Pm1w2qwen3_rma_kl0.05_lr5e-7_fp0_ec0.0_pk5_llm4-dcfg_smoke_mix_gemma,logs/20260713/Phase-stability-Pm1w2qwen3_rma_kl0.05_lr5e-7_fp0_ec0.0_pk5_llm4-dcfg_smoke_mix_gemma-Qwen3-1.7B-actorRM-nobaseline-power-k5-llmin-4.0-lr5e-7-kl0.05-n16-r1.log,Qwen3,power,5.0,4.0,5e-7,0.05,0.0,0.0,False,actor,20,0,190,24,0.1607,0.099,0.0992,0.1704,-0.0617,0.0207,0.2722,0.2564,-0.0157,0.483,0.3167,-0.1663,0.243,0.098,-0.145,0.256,0.256,0.269,0.004,0.004,445.8,411.9,-1.25
Phase-stability-Pm1w2qwen3_rma_kl0.05_lr5e-7_fp0_ec0.001_pk5_llm4,Phase-stability-Pm1w2qwen3_rma_kl0.05_lr5e-7_fp0_ec0.001_pk5_llm4-dcfg_smoke_mix_gemma,logs/20260713/Phase-stability-Pm1w2qwen3_rma_kl0.05_lr5e-7_fp0_ec0.001_pk5_llm4-dcfg_smoke_mix_gemma-Qwen3-1.7B-actorRM-nobaseline-power-k5-llmin-4-lr5e-7-kl0.05-n16-r1.log,Qwen3,power,5.0,4.0,5e-7,0.05,0.001,0.0,False,actor,20,0,190,24,0.1605,0.0907,0.0978,0.1605,-0.0698,0.0127,0.2719,0.2607,-0.0112,0.487,0.17,-0.317,0.243,0.079,-0.164,0.282,0.282,0.346,0.002,0.005,464.2,426.3,0.0
Phase-stability-Pm1w2qwen3_rma_kl0.05_lr5e-7_fp5_ec0.0_pk5_llm4,Phase-stability-Pm1w2qwen3_rma_kl0.05_lr5e-7_fp5_ec0.0_pk5_llm4-dcfg_smoke_mix_gemma,logs/20260713/Phase-stability-Pm1w2qwen3_rma_kl0.05_lr5e-7_fp5_ec0.0_pk5_llm4-dcfg_smoke_mix_gemma-Qwen3-1.7B-actorRM-nobaseline-power-k5-llmin-4-lr5e-7-kl0.05-n16-r1.log,Qwen3,power,5.0,4.0,5e-7,0.05,0.0,5.0,False,actor,39,0,190,24,0.3342,0.3681,0.362,0.376,0.0339,0.0182,0.4347,0.4603,0.0256,0.853,0.871,0.018,0.543,0.58,0.037,0.423,0.423,0.385,0.002,0.003,649.1,566.6,0.0
Phase-stability-Pm1w2qwen3_rma_kl0.05_lr5e-7_fp5_ec0.001_pk5_llm4,Phase-stability-Pm1w2qwen3_rma_kl0.05_lr5e-7_fp5_ec0.001_pk5_llm4-dcfg_smoke_mix_gemma,logs/20260713/Phase-stability-Pm1w2qwen3_rma_kl0.05_lr5e-7_fp5_ec0.001_pk5_llm4-dcfg_smoke_mix_gemma-Qwen3-1.7B-actorRM-nobaseline-power-k5-llmin-4-lr5e-7-kl0.05-n16-r1.log,Qwen3,power,5.0,4.0,5e-7,0.05,0.001,5.0,False,actor,39,0,190,24,0.1605,0.1523,0.1494,0.186,-0.0082,0.0083,0.272,0.2677,-0.0043,0.487,0.4847,-0.0023,0.243,0.2133,-0.0297,0.192,0.192,0.269,0.002,0.006,453.0,433.3,-2.559
Phase-stability-Pm1w2qwen3_rma_kl0.05_lr5e-7_fp0_ec0.0_pk7_llm6,Phase-stability-Pm1w2qwen3_rma_kl0.05_lr5e-7_fp0_ec0.0_pk7_llm6-dcfg_smoke_mix_gemma,logs/20260713/Phase-stability-Pm1w2qwen3_rma_kl0.05_lr5e-7_fp0_ec0.0_pk7_llm6-dcfg_smoke_mix_gemma-Qwen3-1.7B-frozenRM-nobaseline-power-k7-llmin-6-lr5e-7-kl0.05-n16-r1.log,Qwen3,power,7.0,6.0,5e-7,0.05,0.0,0.0,False,actor,20,0,190,24,0.1565,0.1471,0.1538,0.1771,-0.0094,0.0096,0.2718,0.2629,-0.009,0.483,0.4943,0.0113,0.243,0.26,0.017,0.244,0.244,0.385,0.003,0.004,453.5,433.8,0.604
Phase-stability-Pm1w2qwen3_rma_kl0.05_lr5e-7_fp0_ec0.001_pk7_llm6,Phase-stability-Pm1w2qwen3_rma_kl0.05_lr5e-7_fp0_ec0.001_pk7_llm6-dcfg_smoke_mix_gemma,logs/20260713/Phase-stability-Pm1w2qwen3_rma_kl0.05_lr5e-7_fp0_ec0.001_pk7_llm6-dcfg_smoke_mix_gemma-Qwen3-1.7B-actorRM-nobaseline-power-k7-llmin-6-lr5e-7-kl0.05-n16-r1.log,Qwen3,power,7.0,6.0,5e-7,0.05,0.001,0.0,False,actor,39,0,190,24,0.1607,0.1655,0.1633,0.1784,0.0048,0.014,0.272,0.2764,0.0044,0.487,0.5077,0.0207,0.243,0.2687,0.0257,0.346,0.346,0.346,0.003,0.004,458.9,430.3,3.405
Phase-stability-Pm1w2qwen3_rma_kl0.05_lr5e-7_fp5_ec0.0_pk7_llm6,Phase-stability-Pm1w2qwen3_rma_kl0.05_lr5e-7_fp5_ec0.0_pk7_llm6-dcfg_smoke_mix_gemma,logs/20260713/Phase-stability-Pm1w2qwen3_rma_kl0.05_lr5e-7_fp5_ec0.0_pk7_llm6-dcfg_smoke_mix_gemma-Qwen3-1.7B-actorRM-nobaseline-power-k7-llmin-6-lr5e-7-kl0.05-n16-r1.log,Qwen3,power,7.0,6.0,5e-7,0.05,0.0,5.0,False,actor,20,0,190,24,0.1607,0.153,0.1525,0.1941,-0.0077,0.005,0.272,0.2639,-0.0082,0.487,0.4757,-0.0113,0.243,0.2467,0.0037,0.231,0.231,0.462,0.003,0.004,458.3,432.4,0.188
Phase-stability-Pm1w2qwen3_rma_kl0.05_lr5e-7_fp5_ec0.0_pk7_llm4,Phase-stability-Pm1w2qwen3_rma_kl0.05_lr5e-7_fp5_ec0.0_pk7_llm4-dcfg_smoke_mix_gemma,logs/20260714/Phase-stability-Pm1w2qwen3_rma_kl0.05_lr5e-7_fp5_ec0.0_pk7_llm4-dcfg_smoke_mix_gemma-Qwen3-1.7B-actorRM-nobaseline-power-k7-llmin-4-lr5e-7-kl0.05-n16-r1.log,Qwen3,power,7.0,4.0,5e-7,0.05,0.0,5.0,False,actor,20,0,190,24,0.1604,0.1175,0.1119,0.1631,-0.0429,0.0076,0.2719,0.2588,-0.0131,0.487,0.4367,-0.0503,0.243,0.1447,-0.0983,0.295,0.295,0.269,0.003,0.004,467.9,436.6,-1.338
Phase-stability-Pm1swp_rmf_kl0.05_lr5e-7_fp0_ec0.001_pk5_llm4,Phase-stability-Pm1swp_rmf_kl0.05_lr5e-7_fp0_ec0.001_pk5_llm4-dcfg_smoke_mix,logs/20260712/Phase-stability-Pm1swp_rmf_kl0.05_lr5e-7_fp0_ec0.001_pk5_llm4-dcfg_smoke_mix-Qwen2.5-3B-Instruct-frozenRM-nobaseline-power-k5-llmin-4.0-lr5e-7-kl0.05-n16-r1.log,Qwen2.5,power,5.0,4.0,5e-7,0.05,0.001,0.0,False,frozen,20,0,190,24,0.418,0.4319,0.4333,0.4618,0.0139,0.0034,0.5039,0.4957,-0.0081,0.66,0.5167,-0.1433,0.48,0.6177,0.1377,0.526,0.526,0.5,0.276,0.357,121.2,41.2,17.701
Phase-stability-Pm1swp_rma_kl0.05_lr5e-7_fp0_ec0.001_pk5_llm4,Phase-stability-Pm1swp_rma_kl0.05_lr5e-7_fp0_ec0.001_pk5_llm4-dcfg_smoke_mix,logs/20260712/Phase-stability-Pm1swp_rma_kl0.05_lr5e-7_fp0_ec0.001_pk5_llm4-dcfg_smoke_mix-Qwen2.5-3B-Instruct-actorRM-nobaseline-power-k5-llmin-4.0-lr5e-7-kl0.05-n16-r1.log,Qwen2.5,power,5.0,4.0,5e-7,0.05,0.001,0.0,False,actor,20,0,190,24,0.4189,0.4417,0.4413,0.4602,0.0228,0.0021,0.5041,0.5023,-0.0019,0.66,0.571,-0.089,0.463,0.592,0.129,0.603,0.603,0.538,0.268,0.575,103.2,43.8,24.834
Phase-stability-Pm1swp_rmf_kl0.05_lr5e-7_fp0_ec0.001_pk7_llm6,Phase-stability-Pm1swp_rmf_kl0.05_lr5e-7_fp0_ec0.001_pk7_llm6-dcfg_smoke_mix,logs/20260712/Phase-stability-Pm1swp_rmf_kl0.05_lr5e-7_fp0_ec0.001_pk7_llm6-dcfg_smoke_mix-Qwen2.5-3B-Instruct-frozenRM-nobaseline-power-k7-llmin-6-lr5e-7-kl0.05-n16-r1.log,Qwen2.5,power,7.0,6.0,5e-7,0.05,0.001,0.0,False,frozen,14,0,380,24,0.4149,0.4696,0.4695,0.4781,0.0547,0.0016,0.5033,0.5269,0.0236,0.657,0.6613,0.0043,0.49,0.6313,0.1413,0.513,0.513,0.423,0.084,2.894,110.8,50.2,35.811
Phase-stability-Pm1swp_rmf_kl0.05_lr5e-7_fp0_ec0.001_pk7_llm4,Phase-stability-Pm1swp_rmf_kl0.05_lr5e-7_fp0_ec0.001_pk7_llm4-dcfg_smoke_mix,logs/20260712/Phase-stability-Pm1swp_rmf_kl0.05_lr5e-7_fp0_ec0.001_pk7_llm4-dcfg_smoke_mix-Qwen2.5-3B-Instruct-frozenRM-nobaseline-power-k7-llmin-4-lr5e-7-kl0.05-n16-r1.log,Qwen2.5,power,7.0,4.0,5e-7,0.05,0.001,0.0,False,frozen,20,0,190,24,0.4199,0.4423,0.4436,0.4664,0.0224,0.0031,0.5041,0.5026,-0.0014,0.663,0.508,-0.155,0.493,0.5957,0.1027,0.513,0.513,0.423,0.186,0.298,114.3,34.2,22.884
