exp_id	model_family	model_path	task	reward_type	power_k	power_ll_min	rm_mode	kl	lr	max_prompt	max_resp	data_name	cot_var	run_name_base
Phase-stability-Pm1a_logprob	qwen2.5	Qwen/Qwen2.5-3B-Instruct	behavior	log_prob			frozen	0.01	1e-6	2048	512	dcfg_smoke_mix	COT_FREEFORM	Phase-stability-Pm1a_logprob-dcfg_smoke_mix
Phase-stability-Pm1a_negppl	qwen2.5	Qwen/Qwen2.5-3B-Instruct	behavior	neg_perplexity			frozen	0.01	1e-6	2048	512	dcfg_smoke_mix	COT_FREEFORM	Phase-stability-Pm1a_negppl-dcfg_smoke_mix
Phase-stability-Pm1a_power	qwen2.5	Qwen/Qwen2.5-3B-Instruct	behavior	power	2		frozen	0.01	1e-6	2048	512	dcfg_smoke_mix	COT_FREEFORM	Phase-stability-Pm1a_power-dcfg_smoke_mix
Phase-stability-Pm1b_klLo_clampLo_base_on	qwen2.5	Qwen/Qwen2.5-3B-Instruct					frozen	klLo	1e-6	2048	512	dcfg_smoke_mix	COT_FREEFORM	Phase-stability-Pm1b_klLo_clampLo_base_on-dcfg_smoke_mix
Phase-stability-Pm1b_klLo_clampLo_base_off	qwen2.5	Qwen/Qwen2.5-3B-Instruct					frozen	klLo	1e-6	2048	512	dcfg_smoke_mix	COT_FREEFORM	Phase-stability-Pm1b_klLo_clampLo_base_off-dcfg_smoke_mix
Phase-stability-Pm1b_klLo_clampHi_base_on	qwen2.5	Qwen/Qwen2.5-3B-Instruct					frozen	klLo	1e-6	2048	512	dcfg_smoke_mix	COT_FREEFORM	Phase-stability-Pm1b_klLo_clampHi_base_on-dcfg_smoke_mix
Phase-stability-Pm1b_klLo_clampHi_base_off	qwen2.5	Qwen/Qwen2.5-3B-Instruct					frozen	klLo	1e-6	2048	512	dcfg_smoke_mix	COT_FREEFORM	Phase-stability-Pm1b_klLo_clampHi_base_off-dcfg_smoke_mix
Phase-stability-Pm1b_klHi_clampLo_base_on	qwen2.5	Qwen/Qwen2.5-3B-Instruct					frozen	klHi	1e-6	2048	512	dcfg_smoke_mix	COT_FREEFORM	Phase-stability-Pm1b_klHi_clampLo_base_on-dcfg_smoke_mix
Phase-stability-Pm1b_klHi_clampLo_base_off	qwen2.5	Qwen/Qwen2.5-3B-Instruct					frozen	klHi	1e-6	2048	512	dcfg_smoke_mix	COT_FREEFORM	Phase-stability-Pm1b_klHi_clampLo_base_off-dcfg_smoke_mix
Phase-stability-Pm1b_klHi_clampHi_base_on	qwen2.5	Qwen/Qwen2.5-3B-Instruct					frozen	klHi	1e-6	2048	512	dcfg_smoke_mix	COT_FREEFORM	Phase-stability-Pm1b_klHi_clampHi_base_on-dcfg_smoke_mix
Phase-stability-Pm1b_klHi_clampHi_base_off	qwen2.5	Qwen/Qwen2.5-3B-Instruct					frozen	klHi	1e-6	2048	512	dcfg_smoke_mix	COT_FREEFORM	Phase-stability-Pm1b_klHi_clampHi_base_off-dcfg_smoke_mix
Phase-stability-Pm1c_gemma_top1	gemma	google/gemma-2-2b-it					frozen	=stable(Pm1)	1e-6	2048	512	dcfg_smoke_mix_gemma	COT_FREEFORM	Phase-stability-Pm1c_gemma_top1-dcfg_smoke_mix_gemma
Phase-stability-Pm1c_gemma_top2	gemma	google/gemma-2-2b-it					frozen	=stable(Pm1)	1e-6	2048	512	dcfg_smoke_mix_gemma	COT_FREEFORM	Phase-stability-Pm1c_gemma_top2-dcfg_smoke_mix_gemma
Phase-stability-Pm1c_gemma_worst1	gemma	google/gemma-2-2b-it					frozen	=stable(Pm1)	1e-6	2048	512	dcfg_smoke_mix_gemma	COT_FREEFORM	Phase-stability-Pm1c_gemma_worst1-dcfg_smoke_mix_gemma
Phase-stability-Pm1c_gemma_worst2	gemma	google/gemma-2-2b-it					frozen	=stable(Pm1)	1e-6	2048	512	dcfg_smoke_mix_gemma	COT_FREEFORM	Phase-stability-Pm1c_gemma_worst2-dcfg_smoke_mix_gemma
data-recipe-P0_single_empathetic	qwen2.5	Qwen/Qwen2.5-3B-Instruct						=stable(Pm1)	=stable(Pm1)	2048	512	dcfg_empathetic	COT_FREEFORM	data-recipe-P0_single_empathetic-dcfg_empathetic
data-recipe-P0_single_casino	qwen2.5	Qwen/Qwen2.5-3B-Instruct						=stable(Pm1)	=stable(Pm1)	2048	512	dcfg_casino	COT_FREEFORM	data-recipe-P0_single_casino-dcfg_casino
data-recipe-P0_single_craigslist	qwen2.5	Qwen/Qwen2.5-3B-Instruct						=stable(Pm1)	=stable(Pm1)	2048	512	dcfg_craigslist	COT_FREEFORM	data-recipe-P0_single_craigslist-dcfg_craigslist
data-recipe-P0_single_cga	qwen2.5	Qwen/Qwen2.5-3B-Instruct						=stable(Pm1)	=stable(Pm1)	2048	512	dcfg_cga	COT_FREEFORM	data-recipe-P0_single_cga-dcfg_cga
data-recipe-P0_single_diplomacy	qwen2.5	Qwen/Qwen2.5-3B-Instruct						=stable(Pm1)	=stable(Pm1)	2048	512	dcfg_diplomacy	COT_FREEFORM	data-recipe-P0_single_diplomacy-dcfg_diplomacy
data-recipe-P0_single_p4g	qwen2.5	Qwen/Qwen2.5-3B-Instruct						=stable(Pm1)	=stable(Pm1)	2048	512	dcfg_p4g	COT_FREEFORM	data-recipe-P0_single_p4g-dcfg_p4g
data-recipe-P0_single_dailydialog	qwen2.5	Qwen/Qwen2.5-3B-Instruct						=stable(Pm1)	=stable(Pm1)	2048	512	dcfg_dailydialog	COT_FREEFORM	data-recipe-P0_single_dailydialog-dcfg_dailydialog
data-recipe-P0_single_thoughttrace	qwen2.5	Qwen/Qwen2.5-3B-Instruct						=stable(Pm1)	=stable(Pm1)	2048	512	dcfg_thoughttrace	COT_FREEFORM	data-recipe-P0_single_thoughttrace-dcfg_thoughttrace
data-recipe-P0_mix_best3	qwen2.5	Qwen/Qwen2.5-3B-Instruct						=stable(Pm1)	=stable(Pm1)	2048	512	dcfg_mix_best3	COT_FREEFORM	data-recipe-P0_mix_best3-dcfg_mix_best3
data-recipe-P0_mix_all	qwen2.5	Qwen/Qwen2.5-3B-Instruct						=stable(Pm1)	=stable(Pm1)	2048	512	dcfg_mix_all	COT_FREEFORM	data-recipe-P0_mix_all-dcfg_mix_all
data-recipe-P0_filter_surprise	qwen2.5	Qwen/Qwen2.5-3B-Instruct						=stable(Pm1)	=stable(Pm1)	2048	512	dcfg_mix_best_surprise	COT_FREEFORM	data-recipe-P0_filter_surprise-dcfg_mix_best_surprise
data-recipe-P0_filter_off	qwen2.5	Qwen/Qwen2.5-3B-Instruct						=stable(Pm1)	=stable(Pm1)	2048	512	dcfg_mix_best	COT_FREEFORM	data-recipe-P0_filter_off-dcfg_mix_best
data-recipe-P0_filter_randlen	qwen2.5	Qwen/Qwen2.5-3B-Instruct						=stable(Pm1)	=stable(Pm1)	2048	512	dcfg_mix_best_randlen	COT_FREEFORM	data-recipe-P0_filter_randlen-dcfg_mix_best_randlen
data-recipe-P0_confirm_gemma_top1	gemma	google/gemma-2-2b-it					frozen	=stable(Pm1)	=stable(Pm1)	2048	512	dcfg_default_gemma	COT_FREEFORM	data-recipe-P0_confirm_gemma_top1-dcfg_default_gemma
data-recipe-P0_confirm_gemma_top2	gemma	google/gemma-2-2b-it					frozen	=stable(Pm1)	=stable(Pm1)	2048	512	dcfg_default_gemma2	COT_FREEFORM	data-recipe-P0_confirm_gemma_top2-dcfg_default_gemma2
reward-shaping-Q2_frozen_powerk_1.5	qwen2.5	Qwen/Qwen2.5-3B-Instruct	behavior	power	1.5		frozen	=stable(Pm1)	=stable(Pm1)	2048	512	dcfg_default(=P0)	COT_FREEFORM	reward-shaping-Q2_frozen_powerk_1.5-dcfg_default(=P0)
reward-shaping-Q2_frozen_powerk_2	qwen2.5	Qwen/Qwen2.5-3B-Instruct	behavior	power	2		frozen	=stable(Pm1)	=stable(Pm1)	2048	512	dcfg_default(=P0)	COT_FREEFORM	reward-shaping-Q2_frozen_powerk_2-dcfg_default(=P0)
reward-shaping-Q2_frozen_powerk_3	qwen2.5	Qwen/Qwen2.5-3B-Instruct	behavior	power	3		frozen	=stable(Pm1)	=stable(Pm1)	2048	512	dcfg_default(=P0)	COT_FREEFORM	reward-shaping-Q2_frozen_powerk_3-dcfg_default(=P0)
reward-shaping-Q2_frozen_powerk_4	qwen2.5	Qwen/Qwen2.5-3B-Instruct	behavior	power	4		frozen	=stable(Pm1)	=stable(Pm1)	2048	512	dcfg_default(=P0)	COT_FREEFORM	reward-shaping-Q2_frozen_powerk_4-dcfg_default(=P0)
reward-shaping-Q2_frozen_llmin_p25	qwen2.5	Qwen/Qwen2.5-3B-Instruct	behavior	power			frozen	=stable(Pm1)	=stable(Pm1)	2048	512	dcfg_default(=P0)	COT_FREEFORM	reward-shaping-Q2_frozen_llmin_p25-dcfg_default(=P0)
reward-shaping-Q2_frozen_llmin_p50	qwen2.5	Qwen/Qwen2.5-3B-Instruct	behavior	power			frozen	=stable(Pm1)	=stable(Pm1)	2048	512	dcfg_default(=P0)	COT_FREEFORM	reward-shaping-Q2_frozen_llmin_p50-dcfg_default(=P0)
reward-shaping-Q2_frozen_llmin_p75	qwen2.5	Qwen/Qwen2.5-3B-Instruct	behavior	power			frozen	=stable(Pm1)	=stable(Pm1)	2048	512	dcfg_default(=P0)	COT_FREEFORM	reward-shaping-Q2_frozen_llmin_p75-dcfg_default(=P0)
reward-shaping-Q2_actor_powerk_1.5	qwen2.5	Qwen/Qwen2.5-3B-Instruct	behavior	power	1.5		actor	=stable(Pm1)	=stable(Pm1)	2048	512	dcfg_default(=P0)	COT_FREEFORM	reward-shaping-Q2_actor_powerk_1.5-dcfg_default(=P0)
reward-shaping-Q2_actor_powerk_2	qwen2.5	Qwen/Qwen2.5-3B-Instruct	behavior	power	2		actor	=stable(Pm1)	=stable(Pm1)	2048	512	dcfg_default(=P0)	COT_FREEFORM	reward-shaping-Q2_actor_powerk_2-dcfg_default(=P0)
reward-shaping-Q2_actor_powerk_3	qwen2.5	Qwen/Qwen2.5-3B-Instruct	behavior	power	3		actor	=stable(Pm1)	=stable(Pm1)	2048	512	dcfg_default(=P0)	COT_FREEFORM	reward-shaping-Q2_actor_powerk_3-dcfg_default(=P0)
reward-shaping-Q2_actor_powerk_4	qwen2.5	Qwen/Qwen2.5-3B-Instruct	behavior	power	4		actor	=stable(Pm1)	=stable(Pm1)	2048	512	dcfg_default(=P0)	COT_FREEFORM	reward-shaping-Q2_actor_powerk_4-dcfg_default(=P0)
reward-shaping-Q2_actor_llmin_p25	qwen2.5	Qwen/Qwen2.5-3B-Instruct	behavior	power			actor	=stable(Pm1)	=stable(Pm1)	2048	512	dcfg_default(=P0)	COT_FREEFORM	reward-shaping-Q2_actor_llmin_p25-dcfg_default(=P0)
reward-shaping-Q2_actor_llmin_p50	qwen2.5	Qwen/Qwen2.5-3B-Instruct	behavior	power			actor	=stable(Pm1)	=stable(Pm1)	2048	512	dcfg_default(=P0)	COT_FREEFORM	reward-shaping-Q2_actor_llmin_p50-dcfg_default(=P0)
reward-shaping-Q2_actor_llmin_p75	qwen2.5	Qwen/Qwen2.5-3B-Instruct	behavior	power			actor	=stable(Pm1)	=stable(Pm1)	2048	512	dcfg_default(=P0)	COT_FREEFORM	reward-shaping-Q2_actor_llmin_p75-dcfg_default(=P0)
reward-shaping-Q2_confirm_7b	qwen2.5							=stable(Pm1)	=stable(Pm1)	8192	512	dcfg_default(=P0)	COT_FREEFORM	reward-shaping-Q2_confirm_7b-dcfg_default(=P0)
reward-shaping-Q2_confirm_gemma	gemma	google/gemma-2-2b-it						=stable(Pm1)	=stable(Pm1)	2048	512	dcfg_default_gemma	COT_FREEFORM	reward-shaping-Q2_confirm_gemma-dcfg_default_gemma
identifiability-Q0_A0_base	qwen2.5	Qwen/Qwen2.5-3B-Instruct								2048	512	dcfg_default(=P0)	COT_FREEFORM	identifiability-Q0_A0_base-dcfg_default(=P0)
identifiability-Q0_A1_berl_s1	qwen2.5	Qwen/Qwen2.5-3B-Instruct					frozen	=stable(Pm1)	=stable(Pm1)	2048	512	dcfg_default(=P0)	COT_FREEFORM	identifiability-Q0_A1_berl_s1-dcfg_default(=P0)
identifiability-Q0_A1_berl_s2	qwen2.5	Qwen/Qwen2.5-3B-Instruct					frozen	=stable(Pm1)	=stable(Pm1)	2048	512	dcfg_default(=P0)	COT_FREEFORM	identifiability-Q0_A1_berl_s2-dcfg_default(=P0)
identifiability-Q0_A1_berl_s3	qwen2.5	Qwen/Qwen2.5-3B-Instruct					frozen	=stable(Pm1)	=stable(Pm1)	2048	512	dcfg_default(=P0)	COT_FREEFORM	identifiability-Q0_A1_berl_s3-dcfg_default(=P0)
identifiability-Q0_A2_sft	qwen2.5	Qwen/Qwen2.5-3B-Instruct	sft						1e-6	2048	512	dcfg_default(=P0)	COT_FREEFORM	identifiability-Q0_A2_sft-dcfg_default(=P0)
identifiability-Q0_A3_shuffled	qwen2.5	Qwen/Qwen2.5-3B-Instruct					frozen	=stable(Pm1)	=stable(Pm1)	2048	512	dcfg_default_shuffled	COT_FREEFORM	identifiability-Q0_A3_shuffled-dcfg_default_shuffled
identifiability-Q0_A4_nocot	qwen2.5	Qwen/Qwen2.5-3B-Instruct					frozen	=stable(Pm1)	=stable(Pm1)	2048	512	dcfg_default(=P0)	NONE	identifiability-Q0_A4_nocot-dcfg_default(=P0)
generalization-Q1_B1_05b	qwen2.5	Qwen/Qwen2.5-0.5B-Instruct					frozen	=stable(Pm1)	=stable(Pm1)	2048	512	dcfg_default(=P0)	COT_FREEFORM	generalization-Q1_B1_05b-dcfg_default(=P0)
generalization-Q1_B1_7b	qwen2.5						frozen	=stable(Pm1)	=stable(Pm1)	8192	512	dcfg_default(=P0)	COT_FREEFORM	generalization-Q1_B1_7b-dcfg_default(=P0)
generalization-Q1_B2_rule_3b_s1	qwen2.5	Qwen/Qwen2.5-3B-Instruct	tom_rulebased				frozen	=stable(Pm1)	=stable(Pm1)	2048	512	dcfg_tom_rule	tom_prompt(TEMPLATE_FULL)	generalization-Q1_B2_rule_3b_s1-dcfg_tom_rule
generalization-Q1_B2_rule_3b_s2	qwen2.5	Qwen/Qwen2.5-3B-Instruct	tom_rulebased				frozen	=stable(Pm1)	=stable(Pm1)	2048	512	dcfg_tom_rule	tom_prompt(TEMPLATE_FULL)	generalization-Q1_B2_rule_3b_s2-dcfg_tom_rule
generalization-Q1_B2_rule_3b_s3	qwen2.5	Qwen/Qwen2.5-3B-Instruct	tom_rulebased				frozen	=stable(Pm1)	=stable(Pm1)	2048	512	dcfg_tom_rule	tom_prompt(TEMPLATE_FULL)	generalization-Q1_B2_rule_3b_s3-dcfg_tom_rule
generalization-Q1_B2_rule_05b	qwen2.5	Qwen/Qwen2.5-0.5B-Instruct	tom_rulebased				frozen	=stable(Pm1)	=stable(Pm1)	2048	512	dcfg_tom_rule	tom_prompt(TEMPLATE_FULL)	generalization-Q1_B2_rule_05b-dcfg_tom_rule
generalization-Q1_B2_rule_7b	qwen2.5		tom_rulebased				frozen	=stable(Pm1)	=stable(Pm1)	8192	512	dcfg_tom_rule	tom_prompt(TEMPLATE_FULL)	generalization-Q1_B2_rule_7b-dcfg_tom_rule
generalization-Q1_B3_combined	qwen2.5	Qwen/Qwen2.5-3B-Instruct	behavior	power			frozen	=stable(Pm1)	=stable(Pm1)	2048	512	dcfg_default_plus_rule	COT_FREEFORM	generalization-Q1_B3_combined-dcfg_default_plus_rule
interaction-Q3_D1_empathetic	qwen2.5	Qwen/Qwen2.5-3B-Instruct					frozen	=stable(Pm1)	=stable(Pm1)	2048	512	dcfg_empathetic	COT_FREEFORM	interaction-Q3_D1_empathetic-dcfg_empathetic
interaction-Q3_D1_casino	qwen2.5	Qwen/Qwen2.5-3B-Instruct					frozen	=stable(Pm1)	=stable(Pm1)	2048	512	dcfg_casino	COT_FREEFORM	interaction-Q3_D1_casino-dcfg_casino
interaction-Q3_D1_craigslist	qwen2.5	Qwen/Qwen2.5-3B-Instruct					frozen	=stable(Pm1)	=stable(Pm1)	2048	512	dcfg_craigslist	COT_FREEFORM	interaction-Q3_D1_craigslist-dcfg_craigslist
interaction-Q3_D1_cga	qwen2.5	Qwen/Qwen2.5-3B-Instruct					frozen	=stable(Pm1)	=stable(Pm1)	2048	512	dcfg_cga	COT_FREEFORM	interaction-Q3_D1_cga-dcfg_cga
interaction-Q3_D1_diplomacy	qwen2.5	Qwen/Qwen2.5-3B-Instruct					frozen	=stable(Pm1)	=stable(Pm1)	2048	512	dcfg_diplomacy	COT_FREEFORM	interaction-Q3_D1_diplomacy-dcfg_diplomacy
interaction-Q3_D1_p4g	qwen2.5	Qwen/Qwen2.5-3B-Instruct					frozen	=stable(Pm1)	=stable(Pm1)	2048	512	dcfg_p4g	COT_FREEFORM	interaction-Q3_D1_p4g-dcfg_p4g
interaction-Q3_D2_long	qwen2.5	Qwen/Qwen2.5-3B-Instruct					frozen	=stable(Pm1)	=stable(Pm1)	8192	512	dcfg_default_long	COT_FREEFORM	interaction-Q3_D2_long-dcfg_default_long
interaction-Q3_D2_short	qwen2.5	Qwen/Qwen2.5-3B-Instruct					frozen	=stable(Pm1)	=stable(Pm1)	2048	512	dcfg_default_short	COT_FREEFORM	interaction-Q3_D2_short-dcfg_default_short
interaction-Q3_D3_curr_early2late	qwen2.5	Qwen/Qwen2.5-3B-Instruct					frozen	=stable(Pm1)	=stable(Pm1)	2048	512	dcfg_default(=P0)	COT_FREEFORM	interaction-Q3_D3_curr_early2late-dcfg_default(=P0)
interaction-Q3_D3_curr_late2early	qwen2.5	Qwen/Qwen2.5-3B-Instruct					frozen	=stable(Pm1)	=stable(Pm1)	2048	512	dcfg_default(=P0)	COT_FREEFORM	interaction-Q3_D3_curr_late2early-dcfg_default(=P0)
interaction-Q3_D3_curr_random	qwen2.5	Qwen/Qwen2.5-3B-Instruct					frozen	=stable(Pm1)	=stable(Pm1)	2048	512	dcfg_default(=P0)	COT_FREEFORM	interaction-Q3_D3_curr_random-dcfg_default(=P0)
interaction-Q3_D4_surprise	qwen2.5	Qwen/Qwen2.5-3B-Instruct					frozen	=stable(Pm1)	=stable(Pm1)	2048	512	dcfg_default_surprise	COT_FREEFORM	interaction-Q3_D4_surprise-dcfg_default_surprise
interaction-Q3_D4_randlen	qwen2.5	Qwen/Qwen2.5-3B-Instruct					frozen	=stable(Pm1)	=stable(Pm1)	2048	512	dcfg_default_randlen	COT_FREEFORM	interaction-Q3_D4_randlen-dcfg_default_randlen
interaction-Q3_D5_scale_1k	qwen2.5	Qwen/Qwen2.5-3B-Instruct					frozen	=stable(Pm1)	=stable(Pm1)	2048	512	dcfg_default_1k	COT_FREEFORM	interaction-Q3_D5_scale_1k-dcfg_default_1k
interaction-Q3_D5_scale_5k	qwen2.5	Qwen/Qwen2.5-3B-Instruct					frozen	=stable(Pm1)	=stable(Pm1)	2048	512	dcfg_default_5k	COT_FREEFORM	interaction-Q3_D5_scale_5k-dcfg_default_5k
interaction-Q3_D5_scale_10k	qwen2.5	Qwen/Qwen2.5-3B-Instruct					frozen	=stable(Pm1)	=stable(Pm1)	2048	512	dcfg_default_10k	COT_FREEFORM	interaction-Q3_D5_scale_10k-dcfg_default_10k
interaction-Q3_D5_scale_all	qwen2.5	Qwen/Qwen2.5-3B-Instruct					frozen	=stable(Pm1)	=stable(Pm1)	2048	512	dcfg_default_all	COT_FREEFORM	interaction-Q3_D5_scale_all-dcfg_default_all
interaction-Q3_D6_scale_3b	qwen2.5	Qwen/Qwen2.5-3B-Instruct					frozen	=stable(Pm1)	=stable(Pm1)	2048	512	dcfg_default(=P0)	COT_FREEFORM	interaction-Q3_D6_scale_3b-dcfg_default(=P0)
interaction-Q3_D6_scale_7b	qwen2.5						frozen	=stable(Pm1)	=stable(Pm1)	8192	512	dcfg_default(=P0)	COT_FREEFORM	interaction-Q3_D6_scale_7b-dcfg_default(=P0)
interaction-Q3_D6_scale_gemma	gemma	google/gemma-2-2b-it					frozen	=stable(Pm1)	=stable(Pm1)	2048	512	dcfg_default_gemma	COT_FREEFORM	interaction-Q3_D6_scale_gemma-dcfg_default_gemma
cot-style-Q4_E2_template	qwen2.5	Qwen/Qwen2.5-3B-Instruct					frozen	=stable(Pm1)	=stable(Pm1)	2048	512	dcfg_default(=P0)	tom_prompt(TEMPLATE_FULL)	cot-style-Q4_E2_template-dcfg_default(=P0)
cot-style-Q4_E3_no_emotion	qwen2.5	Qwen/Qwen2.5-3B-Instruct					frozen	=stable(Pm1)	=stable(Pm1)	2048	512	dcfg_default(=P0)	COT_TEMPLATE_NO_EMOTION	cot-style-Q4_E3_no_emotion-dcfg_default(=P0)
cot-style-Q4_E3_no_belief	qwen2.5	Qwen/Qwen2.5-3B-Instruct					frozen	=stable(Pm1)	=stable(Pm1)	2048	512	dcfg_default(=P0)	COT_TEMPLATE_NO_BELIEF	cot-style-Q4_E3_no_belief-dcfg_default(=P0)
cot-style-Q4_E3_no_intent	qwen2.5	Qwen/Qwen2.5-3B-Instruct					frozen	=stable(Pm1)	=stable(Pm1)	2048	512	dcfg_default(=P0)	COT_TEMPLATE_NO_INTENT	cot-style-Q4_E3_no_intent-dcfg_default(=P0)
model-independence-QG_A1g_s1	gemma	google/gemma-2-2b-it					frozen	=stable(Pm1)	=stable(Pm1)	2048	512	dcfg_default_gemma	COT_FREEFORM	model-independence-QG_A1g_s1-dcfg_default_gemma
model-independence-QG_A1g_s2	gemma	google/gemma-2-2b-it					frozen	=stable(Pm1)	=stable(Pm1)	2048	512	dcfg_default_gemma	COT_FREEFORM	model-independence-QG_A1g_s2-dcfg_default_gemma
model-independence-QG_A1g_s3	gemma	google/gemma-2-2b-it					frozen	=stable(Pm1)	=stable(Pm1)	2048	512	dcfg_default_gemma	COT_FREEFORM	model-independence-QG_A1g_s3-dcfg_default_gemma
model-independence-QG_A3g_shuffled	gemma	google/gemma-2-2b-it					frozen	=stable(Pm1)	=stable(Pm1)	2048	512	dcfg_default_gemma_shuffled	COT_FREEFORM	model-independence-QG_A3g_shuffled-dcfg_default_gemma_shuffled
model-independence-QG_A4g_nocot	gemma	google/gemma-2-2b-it					frozen	=stable(Pm1)	=stable(Pm1)	2048	512	dcfg_default_gemma	NONE	model-independence-QG_A4g_nocot-dcfg_default_gemma
model-independence-QG_B2g_rule_s1	gemma	google/gemma-2-2b-it	tom_rulebased				frozen	=stable(Pm1)	=stable(Pm1)	2048	512	dcfg_tom_rule_gemma	tom_prompt(TEMPLATE_FULL)	model-independence-QG_B2g_rule_s1-dcfg_tom_rule_gemma
model-independence-QG_B2g_rule_s2	gemma	google/gemma-2-2b-it	tom_rulebased				frozen	=stable(Pm1)	=stable(Pm1)	2048	512	dcfg_tom_rule_gemma	tom_prompt(TEMPLATE_FULL)	model-independence-QG_B2g_rule_s2-dcfg_tom_rule_gemma
